Institute,Academic Program Name,Quota,Seat Type,Gender,Opening Rank,Closing Rank
Indian Institute of Technology Bhubaneswar,"Civil Engineering (4 Years, Bachelor of Technology)",AI,OBC-NCL,Gender-Neutral,4402,5414
Indian Institute of Technology Bhubaneswar,"Civil Engineering (4 Years, Bachelor of Technology)",AI,OBC-NCL,Female-only (including Supernumerary),8189,8600
Indian Institute of Technology Bhubaneswar,"Computer Science and Engineering (4 Years, Bachelor of Technology)",AI,OBC-NCL,Gender-Neutral,984,1510
Indian Institute of Technology Bhubaneswar,"Computer Science and Engineering (4 Years, Bachelor of Technology)",AI,OBC-NCL,Female-only (including Supernumerary),2515,3264
Indian Institute of Technology Bhubaneswar,"Electrical Engineering (4 Years, Bachelor of Technology)",AI,OBC-NCL,Gender-Neutral,2573,3215
Indian Institute of Technology Bhubaneswar,"Electrical Engineering (4 Years, Bachelor of Technology)",AI,OBC-NCL,Female-only (including Supernumerary),5062,5488
Indian Institute of Technology Bhubaneswar,"Electronics and Communication Engineering (4 Years, Bachelor of Technology)",AI,OBC-NCL,Gender-Neutral,1763,2248
Indian Institute of Technology Bhubaneswar,"Electronics and Communication Engineering (4 Years, Bachelor of Technology)",AI,OBC-NCL,Female-only (including Supernumerary),3747,4785
Indian Institute of Technology Bhubaneswar,"Engineering Physics (4 Years, Bachelor of Technology)",AI,OBC-NCL,Gender-Neutral,3628,4834
Indian Institute of Technology Bhubaneswar,"Engineering Physics (4 Years, Bachelor of Technology)",AI,OBC-NCL,Female-only (including Supernumerary),6849,6849
Indian Institute of Technology Bhubaneswar,"Mathematics and Computing (4 Years, Bachelor of Technology)",AI,OBC-NCL,Gender-Neutral,1664,2092
Indian Institute of Technology Bhubaneswar,"Mathematics and Computing (4 Years, Bachelor of Technology)",AI,OBC-NCL,Female-only (including Supernumerary),4715,4715
Indian Institute of Technology Bhubaneswar,"Mechanical Engineering (4 Years, Bachelor of Technology)",AI,OBC-NCL,Gender-Neutral,3085,4142
Indian Institute of Technology Bhubaneswar,"Mechanical Engineering (4 Years, Bachelor of Technology)",AI,OBC-NCL,Female-only (including Supernumerary),6760,7664
Indian Institute of Technology Bhubaneswar,"Metallurgical and Materials Engineering (4 Years, Bachelor of Technology)",AI,OBC-NCL,Gender-Neutral,5336,5774
Indian Institute of Technology Bhubaneswar,"Metallurgical and Materials Engineering (4 Years, Bachelor of Technology)",AI,OBC-NCL,Female-only (including Supernumerary),8849,9160
Indian Institute of Technology Bombay,"Aerospace Engineering (4 Years, Bachelor of Technology)",AI,OBC-NCL,Gender-Neutral,928,1295
Indian Institute of Technology Bombay,"Aerospace Engineering (4 Years, Bachelor of Technology)",AI,OBC-NCL,Female-only (including Supernumerary),2823,3571
Indian Institute of Technology Bombay,"Applied Geophysics (4 Years, Bachelor of Science)",AI,OBC-NCL,Gender-Neutral,2786,4014
Indian Institute of Technology Bombay,"Applied Geophysics (4 Years, Bachelor of Science)",AI,OBC-NCL,Female-only (including Supernumerary),5934,5934
Indian Institute of Technology Bombay,"BS in Mathematics (4 Years, Bachelor of Science)",AI,OBC-NCL,Gender-Neutral,742,1018
Indian Institute of Technology Bombay,"BS in Mathematics (4 Years, Bachelor of Science)",AI,OBC-NCL,Female-only (including Supernumerary),4453,4453
Indian Institute of Technology Bombay,"Chemical Engineering (4 Years, Bachelor of Technology)",AI,OBC-NCL,Gender-Neutral,800,1255
Indian Institute of Technology Bombay,"Chemical Engineering (4 Years, Bachelor of Technology)",AI,OBC-NCL,Female-only (including Supernumerary),2840,3552
Indian Institute of Technology Bombay,"Chemistry (4 Years, Bachelor of Science)",AI,OBC-NCL,Gender-Neutral,2801,3637
Indian Institute of Technology Bombay,"Chemistry (4 Years, Bachelor of Science)",AI,OBC-NCL,Female-only (including Supernumerary),6467,6573
Indian Institute of Technology Bombay,"Civil Engineering (4 Years, Bachelor of Technology)",AI,OBC-NCL,Gender-Neutral,973,1829
Indian Institute of Technology Bombay,"Civil Engineering (4 Years, Bachelor of Technology)",AI,OBC-NCL,Female-only (including Supernumerary),3469,4597
Indian Institute of Technology Bombay,"Computer Science and Engineering (4 Years, Bachelor of Technology)",AI,OBC-NCL,Gender-Neutral,6,54
Indian Institute of Technology Bombay,"Computer Science and Engineering (4 Years, Bachelor of Technology)",AI,OBC-NCL,Female-only (including Supernumerary),70,331
Indian Institute of Technology Bombay,"Economics (4 Years, Bachelor of Science)",AI,OBC-NCL,Gender-Neutral,993,1405
Indian Institute of Technology Bombay,"Economics (4 Years, Bachelor of Science)",AI,OBC-NCL,Female-only (including Supernumerary),2899,3344
Indian Institute of Technology Bombay,"Electrical Engineering (4 Years, Bachelor of Technology)",AI,OBC-NCL,Gender-Neutral,122,339
Indian Institute of Technology Bombay,"Electrical Engineering (4 Years, Bachelor of Technology)",AI,OBC-NCL,Female-only (including Supernumerary),588,1117
Indian Institute of Technology Bombay,"Electrical Engineering (5 Years, Bachelor and Master of Technology (Dual Degree))",AI,OBC-NCL,Gender-Neutral,417,549
Indian Institute of Technology Bombay,"Electrical Engineering (5 Years, Bachelor and Master of Technology (Dual Degree))",AI,OBC-NCL,Female-only (including Supernumerary),1211,1545
Indian Institute of Technology Bombay,"Energy Engineering (4 Years, Bachelor of Technology)",AI,OBC-NCL,Gender-Neutral,1089,1455
Indian Institute of Technology Bombay,"Energy Engineering (4 Years, Bachelor of Technology)",AI,OBC-NCL,Female-only (including Supernumerary),3365,3818
Indian Institute of Technology Bombay,"Engineering Physics (4 Years, Bachelor of Technology)",AI,OBC-NCL,Gender-Neutral,269,1247
Indian Institute of Technology Bombay,"Engineering Physics (4 Years, Bachelor of Technology)",AI,OBC-NCL,Female-only (including Supernumerary),1588,3828
Indian Institute of Technology Bombay,"Environmental Science and Engineering (4 Years, Bachelor of Technology)",AI,OBC-NCL,Gender-Neutral,2015,2587
Indian Institute of Technology Bombay,"Environmental Science and Engineering (4 Years, Bachelor of Technology)",AI,OBC-NCL,Female-only (including Supernumerary),5175,5253
Indian Institute of Technology Bombay,"Industrial Engineering and Operations Research (4 Years, Bachelor of Technology)",AI,OBC-NCL,Gender-Neutral,668,974
Indian Institute of Technology Bombay,"Industrial Engineering and Operations Research (4 Years, Bachelor of Technology)",AI,OBC-NCL,Female-only (including Supernumerary),2844,2913
Indian Institute of Technology Bombay,"Mechanical Engineering (4 Years, Bachelor of Technology)",AI,OBC-NCL,Gender-Neutral,335,946
Indian Institute of Technology Bombay,"Mechanical Engineering (4 Years, Bachelor of Technology)",AI,OBC-NCL,Female-only (including Supernumerary),1158,2632
Indian Institute of Technology Bombay,"Metallurgical Engineering and Materials Science (4 Years, Bachelor of Technology)",AI,OBC-NCL,Gender-Neutral,1356,2159
Indian Institute of Technology Bombay,"Metallurgical Engineering and Materials Science (4 Years, Bachelor of Technology)",AI,OBC-NCL,Female-only (including Supernumerary),3893,4903
Indian Institute of Technology Mandi,"B.Tech in General Engineering (4 Years, Bachelor of Technology)",AI,OBC-NCL,Gender-Neutral,4150,4674
Indian Institute of Technology Mandi,"B.Tech in General Engineering (4 Years, Bachelor of Technology)",AI,OBC-NCL,Female-only (including Supernumerary),9103,9476
Indian Institute of Technology Mandi,"B.Tech in Materials Science and Engineering (4 Years, Bachelor of Technology)",AI,OBC-NCL,Gender-Neutral,4835,5451
Indian Institute of Technology Mandi,"B.Tech in Materials Science and Engineering (4 Years, Bachelor of Technology)",AI,OBC-NCL,Female-only (including Supernumerary),9183,9922
Indian Institute of Technology Mandi,"B.Tech in Mathematics and Computing (4 Years, Bachelor of Technology)",AI,OBC-NCL,Gender-Neutral,1498,1935
Indian Institute of Technology Mandi,"B.Tech in Mathematics and Computing (4 Years, Bachelor of Technology)",AI,OBC-NCL,Female-only (including Supernumerary),4094,4949
Indian Institute of Technology Mandi,"B.Tech in Microelectronics & VLSI (4 Years, Bachelor of Technology)",AI,OBC-NCL,Gender-Neutral,1975,2842
Indian Institute of Technology Mandi,"B.Tech in Microelectronics & VLSI (4 Years, Bachelor of Technology)",AI,OBC-NCL,Female-only (including Supernumerary),6323,6451
Indian Institute of Technology Mandi,"Bio Engineering (4 Years, Bachelor of Technology)",AI,OBC-NCL,Gender-Neutral,5377,5772
Indian Institute of Technology Mandi,"Bio Engineering (4 Years, Bachelor of Technology)",AI,OBC-NCL,Female-only (including Supernumerary),9009,10160
Indian Institute of Technology Mandi,"BS in Chemical Sciences (4 Years, Bachelor of Science)",AI,OBC-NCL,Gender-Neutral,5718,6092
Indian Institute of Technology Mandi,"BS in Chemical Sciences (4 Years, Bachelor of Science)",AI,OBC-NCL,Female-only (including Supernumerary),10467,10536
Indian Institute of Technology Mandi,"Civil Engineering (4 Years, Bachelor of Technology)",AI,OBC-NCL,Gender-Neutral,4433,5093
Indian Institute of Technology Mandi,"Civil Engineering (4 Years, Bachelor of Technology)",AI,OBC-NCL,Female-only (including Supernumerary),8286,8761
Indian Institute of Technology Mandi,"Computer Science and Engineering (4 Years, Bachelor of Technology)",AI,OBC-NCL,Gender-Neutral,904,1454
Indian Institute of Technology Mandi,"Computer Science and Engineering (4 Years, Bachelor of Technology)",AI,OBC-NCL,Female-only (including Supernumerary),3513,3841
Indian Institute of Technology Mandi,"Data Science and Artificial Intelligence (4 Years, Bachelor of Technology)",AI,OBC-NCL,Gender-Neutral,1474,1782
Indian Institute of Technology Mandi,"Data Science and Artificial Intelligence (4 Years, Bachelor of Technology)",AI,OBC-NCL,Female-only (including Supernumerary),4364,4773
Indian Institute of Technology Mandi,"Electrical Engineering (4 Years, Bachelor of Technology)",AI,OBC-NCL,Gender-Neutral,2504,3288
Indian Institute of Technology Mandi,"Electrical Engineering (4 Years, Bachelor of Technology)",AI,OBC-NCL,Female-only (including Supernumerary),6397,6755
Indian Institute of Technology Mandi,"Engineering Physics (4 Years, Bachelor of Technology)",AI,OBC-NCL,Gender-Neutral,4046,4854
Indian Institute of Technology Mandi,"Engineering Physics (4 Years, Bachelor of Technology)",AI,OBC-NCL,Female-only (including Supernumerary),7637,8218
Indian Institute of Technology Mandi,"Mechanical Engineering (4 Years, Bachelor of Technology)",AI,OBC-NCL,Gender-Neutral,3470,4165
Indian Institute of Technology Mandi,"Mechanical Engineering (4 Years, Bachelor of Technology)",AI,OBC-NCL,Female-only (including Supernumerary),7239,8444
Indian Institute of Technology Delhi,"Abu Dhabi Campus - Chemical Engineering (4 Years, Bachelor of Technology)",AI,OBC-NCL,Gender-Neutral,2006,2006
Indian Institute of Technology Delhi,"Abu Dhabi Campus - Chemical Engineering (4 Years, Bachelor of Technology)",AI,OBC-NCL,Female-only (including Supernumerary),5884,5884
Indian Institute of Technology Delhi,"Abu Dhabi Campus - Computer Science and Engineering (4 Years, Bachelor of Technology)",AI,OBC-NCL,Gender-Neutral,591,591
Indian Institute of Technology Delhi,"Abu Dhabi Campus - Computer Science and Engineering (4 Years, Bachelor of Technology)",AI,OBC-NCL,Female-only (including Supernumerary),5340,5340
Indian Institute of Technology Delhi,"Abu Dhabi Campus - Energy Engineering (4 Years, Bachelor of Technology)",AI,OBC-NCL,Gender-Neutral,1710,1870
Indian Institute of Technology Delhi,"Abu Dhabi Campus - Energy Engineering (4 Years, Bachelor of Technology)",AI,OBC-NCL,Female-only (including Supernumerary),6493,6493
Indian Institute of Technology Delhi,"Biotechnology and Biochemical Engineering (4 Years, Bachelor of Technology)",AI,OBC-NCL,Gender-Neutral,1465,2586
Indian Institute of Technology Delhi,"Biotechnology and Biochemical Engineering (4 Years, Bachelor of Technology)",AI,OBC-NCL,Female-only (including Supernumerary),5965,6046
Indian Institute of Technology Delhi,"Chemical Engineering (4 Years, Bachelor of Technology)",AI,OBC-NCL,Gender-Neutral,840,1257
Indian Institute of Technology Delhi,"Chemical Engineering (4 Years, Bachelor of Technology)",AI,OBC-NCL,Female-only (including Supernumerary),3352,3795
Indian Institute of Technology Delhi,"Chemical Engineering (5 Years, Bachelor and Master of Technology (Dual Degree))",AI,OBC-NCL,Gender-Neutral,1383,1898
Indian Institute of Technology Delhi,"Chemical Engineering (5 Years, Bachelor and Master of Technology (Dual Degree))",AI,OBC-NCL,Female-only (including Supernumerary),3814,5110
Indian Institute of Technology Delhi,"Chemistry (4 Years, Bachelor of Science)",AI,OBC-NCL,Gender-Neutral,3547,4458
Indian Institute of Technology Delhi,"Chemistry (4 Years, Bachelor of Science)",AI,OBC-NCL,Female-only (including Supernumerary),8247,8744
Indian Institute of Technology Delhi,"Civil Engineering (4 Years, Bachelor of Technology)",AI,OBC-NCL,Gender-Neutral,1054,2003
Indian Institute of Technology Delhi,"Civil Engineering (4 Years, Bachelor of Technology)",AI,OBC-NCL,Female-only (including Supernumerary),3597,4703
Indian Institute of Technology Delhi,"Computer Science and Engineering (4 Years, Bachelor of Technology)",AI,OBC-NCL,Gender-Neutral,55,91
Indian Institute of Technology Delhi,"Computer Science and Engineering (4 Years, Bachelor of Technology)",AI,OBC-NCL,Female-only (including Supernumerary),246,551
Indian Institute of Technology Delhi,"Computer Science and Engineering (5 Years, Bachelor and Master of Technology (Dual Degree))",AI,OBC-NCL,Gender-Neutral,105,195
Indian Institute of Technology Delhi,"Computer Science and Engineering (5 Years, Bachelor and Master of Technology (Dual Degree))",AI,OBC-NCL,Female-only (including Supernumerary),679,718
Indian Institute of Technology Delhi,"Design (4 Years, Bachelor of Technology)",AI,OBC-NCL,Gender-Neutral,4920,9728
Indian Institute of Technology Delhi,"Design (4 Years, Bachelor of Technology)",AI,OBC-NCL,Female-only (including Supernumerary),8592,8592
Indian Institute of Technology Delhi,"Electrical Engineering (4 Years, Bachelor of Technology)",AI,OBC-NCL,Gender-Neutral,255,410
Indian Institute of Technology Delhi,"Electrical Engineering (4 Years, Bachelor of Technology)",AI,OBC-NCL,Female-only (including Supernumerary),1254,1484
Indian Institute of Technology Delhi,"Electrical Engineering (Power and Automation) (4 Years, Bachelor of Technology)",AI,OBC-NCL,Gender-Neutral,413,501
Indian Institute of Technology Delhi,"Electrical Engineering (Power and Automation) (4 Years, Bachelor of Technology)",AI,OBC-NCL,Female-only (including Supernumerary),1673,1759
Indian Institute of Technology Delhi,"Energy Engineering (4 Years, Bachelor of Technology)",AI,OBC-NCL,Gender-Neutral,1345,1643
Indian Institute of Technology Delhi,"Energy Engineering (4 Years, Bachelor of Technology)",AI,OBC-NCL,Female-only (including Supernumerary),4047,4389
Indian Institute of Technology Delhi,"Engineering and Computational Mechanics (4 Years, Bachelor of Technology)",AI,OBC-NCL,Gender-Neutral,521,744
Indian Institute of Technology Delhi,"Engineering and Computational Mechanics (4 Years, Bachelor of Technology)",AI,OBC-NCL,Female-only (including Supernumerary),1970,2408
Indian Institute of Technology Delhi,"Engineering Physics (4 Years, Bachelor of Technology)",AI,OBC-NCL,Gender-Neutral,1252,1586
Indian Institute of Technology Delhi,"Engineering Physics (4 Years, Bachelor of Technology)",AI,OBC-NCL,Female-only (including Supernumerary),4360,4738
Indian Institute of Technology Delhi,"Materials Engineering (4 Years, Bachelor of Technology)",AI,OBC-NCL,Gender-Neutral,1979,2397
Indian Institute of Technology Delhi,"Materials Engineering (4 Years, Bachelor of Technology)",AI,OBC-NCL,Female-only (including Supernumerary),4908,4991
Indian Institute of Technology Delhi,"Mathematics and Computing (4 Years, Bachelor of Technology)",AI,OBC-NCL,Gender-Neutral,96,240
Indian Institute of Technology Delhi,"Mathematics and Computing (4 Years, Bachelor of Technology)",AI,OBC-NCL,Female-only (including Supernumerary),701,1107
Indian Institute of Technology Delhi,"Mathematics and Computing (5 Years, Bachelor and Master of Technology (Dual Degree))",AI,OBC-NCL,Gender-Neutral,241,317
Indian Institute of Technology Delhi,"Mathematics and Computing (5 Years, Bachelor and Master of Technology (Dual Degree))",AI,OBC-NCL,Female-only (including Supernumerary),1023,1249
Indian Institute of Technology Delhi,"Mechanical Engineering (4 Years, Bachelor of Technology)",AI,OBC-NCL,Gender-Neutral,448,995
Indian Institute of Technology Delhi,"Mechanical Engineering (4 Years, Bachelor of Technology)",AI,OBC-NCL,Female-only (including Supernumerary),1559,3359
Indian Institute of Technology Delhi,"Production and Industrial Engineering (4 Years, Bachelor of Technology)",AI,OBC-NCL,Gender-Neutral,1340,1974
Indian Institute of Technology Delhi,"Production and Industrial Engineering (4 Years, Bachelor of Technology)",AI,OBC-NCL,Female-only (including Supernumerary),5178,5502
Indian Institute of Technology Delhi,"Textile Technology (4 Years, Bachelor of Technology)",AI,OBC-NCL,Gender-Neutral,2409,3079
Indian Institute of Technology Delhi,"Textile Technology (4 Years, Bachelor of Technology)",AI,OBC-NCL,Female-only (including Supernumerary),5645,6368
Indian Institute of Technology Indore,"Chemical Engineering (4 Years, Bachelor of Technology)",AI,OBC-NCL,Gender-Neutral,2811,3502
Indian Institute of Technology Indore,"Chemical Engineering (4 Years, Bachelor of Technology)",AI,OBC-NCL,Female-only (including Supernumerary),6614,6970
Indian Institute of Technology Indore,"Civil Engineering (4 Years, Bachelor of Technology)",AI,OBC-NCL,Gender-Neutral,3189,3937
Indian Institute of Technology Indore,"Civil Engineering (4 Years, Bachelor of Technology)",AI,OBC-NCL,Female-only (including Supernumerary),7675,7952
Indian Institute of Technology Indore,"Computer Science and Engineering (4 Years, Bachelor of Technology)",AI,OBC-NCL,Gender-Neutral,425,585
Indian Institute of Technology Indore,"Computer Science and Engineering (4 Years, Bachelor of Technology)",AI,OBC-NCL,Female-only (including Supernumerary),1900,2106
Indian Institute of Technology Indore,"Electrical Engineering (4 Years, Bachelor of Technology)",AI,OBC-NCL,Gender-Neutral,1063,1651
Indian Institute of Technology Indore,"Electrical Engineering (4 Years, Bachelor of Technology)",AI,OBC-NCL,Female-only (including Supernumerary),2698,4037
Indian Institute of Technology Indore,"Engineering Physics (4 Years, Bachelor of Technology)",AI,OBC-NCL,Gender-Neutral,3329,3586
Indian Institute of Technology Indore,"Engineering Physics (4 Years, Bachelor of Technology)",AI,OBC-NCL,Female-only (including Supernumerary),7948,7948
Indian Institute of Technology Indore,"Mathematics and Computing (4 Years, Bachelor of Technology)",AI,OBC-NCL,Gender-Neutral,855,999
Indian Institute of Technology Indore,"Mathematics and Computing (4 Years, Bachelor of Technology)",AI,OBC-NCL,Female-only (including Supernumerary),2246,2488
Indian Institute of Technology Indore,"Mechanical Engineering (4 Years, Bachelor of Technology)",AI,OBC-NCL,Gender-Neutral,2249,2937
Indian Institute of Technology Indore,"Mechanical Engineering (4 Years, Bachelor of Technology)",AI,OBC-NCL,Female-only (including Supernumerary),5816,7110
Indian Institute of Technology Indore,"Metallurgical Engineering and Materials Science (4 Years, Bachelor of Technology)",AI,OBC-NCL,Gender-Neutral,3993,4698
Indian Institute of Technology Indore,"Metallurgical Engineering and Materials Science (4 Years, Bachelor of Technology)",AI,OBC-NCL,Female-only (including Supernumerary),8111,8462
Indian Institute of Technology Indore,"Space Science and Engineering (4 Years, Bachelor of Technology)",AI,OBC-NCL,Gender-Neutral,2569,3048
Indian Institute of Technology Indore,"Space Science and Engineering (4 Years, Bachelor of Technology)",AI,OBC-NCL,Female-only (including Supernumerary),6205,6205
Indian Institute of Technology Kharagpur,"Aerospace Engineering (4 Years, Bachelor of Technology)",AI,OBC-NCL,Gender-Neutral,1818,2264
Indian Institute of Technology Kharagpur,"Aerospace Engineering (4 Years, Bachelor of Technology)",AI,OBC-NCL,Female-only (including Supernumerary),4002,4993
Indian Institute of Technology Kharagpur,"Agricultural and Food Engineering (4 Years, Bachelor of Technology)",AI,OBC-NCL,Gender-Neutral,3070,4752
Indian Institute of Technology Kharagpur,"Agricultural and Food Engineering (4 Years, Bachelor of Technology)",AI,OBC-NCL,Female-only (including Supernumerary),7011,8479
Indian Institute of Technology Kharagpur,"Applied Geology (4 Years, Bachelor of Science)",AI,OBC-NCL,Gender-Neutral,3570,5621
Indian Institute of Technology Kharagpur,"Applied Geology (4 Years, Bachelor of Science)",AI,OBC-NCL,Female-only (including Supernumerary),9334,10019
Indian Institute of Technology Kharagpur,"Architecture (5 Years, Bachelor of Architecture)",AI,OBC-NCL,Gender-Neutral,5668,6770
Indian Institute of Technology Kharagpur,"Artificial Intelligence (4 Years, Bachelor of Technology)",AI,OBC-NCL,Gender-Neutral,218,381
Indian Institute of Technology Kharagpur,"Artificial Intelligence (4 Years, Bachelor of Technology)",AI,OBC-NCL,Female-only (including Supernumerary),1056,1146
Indian Institute of Technology Kharagpur,"Biotechnology and Biochemical Engineering (4 Years, Bachelor of Technology)",AI,OBC-NCL,Gender-Neutral,3286,3746
Indian Institute of Technology Kharagpur,"Biotechnology and Biochemical Engineering (4 Years, Bachelor of Technology)",AI,OBC-NCL,Female-only (including Supernumerary),6803,7510
Indian Institute of Technology Kharagpur,"Chemical Engineering (4 Years, Bachelor of Technology)",AI,OBC-NCL,Gender-Neutral,1906,2325
Indian Institute of Technology Kharagpur,"Chemical Engineering (4 Years, Bachelor of Technology)",AI,OBC-NCL,Female-only (including Supernumerary),4139,5343
Indian Institute of Technology Kharagpur,"Chemistry (4 Years, Bachelor of Science)",AI,OBC-NCL,Gender-Neutral,4745,5584
Indian Institute of Technology Kharagpur,"Chemistry (4 Years, Bachelor of Science)",AI,OBC-NCL,Female-only (including Supernumerary),8928,8982
Indian Institute of Technology Kharagpur,"Civil Engineering (4 Years, Bachelor of Technology)",AI,OBC-NCL,Gender-Neutral,2456,3042
Indian Institute of Technology Kharagpur,"Civil Engineering (4 Years, Bachelor of Technology)",AI,OBC-NCL,Female-only (including Supernumerary),4969,6283
Indian Institute of Technology Kharagpur,"Computer Science and Engineering (4 Years, Bachelor of Technology)",AI,OBC-NCL,Gender-Neutral,94,212
Indian Institute of Technology Kharagpur,"Computer Science and Engineering (4 Years, Bachelor of Technology)",AI,OBC-NCL,Female-only (including Supernumerary),583,842
Indian Institute of Technology Kharagpur,"Economics (4 Years, Bachelor of Science)",AI,OBC-NCL,Gender-Neutral,2200,2677
Indian Institute of Technology Kharagpur,"Economics (4 Years, Bachelor of Science)",AI,OBC-NCL,Female-only (including Supernumerary),5844,6381
Indian Institute of Technology Kharagpur,"Electrical Engineering (4 Years, Bachelor of Technology)",AI,OBC-NCL,Gender-Neutral,700,884
Indian Institute of Technology Kharagpur,"Electrical Engineering (4 Years, Bachelor of Technology)",AI,OBC-NCL,Female-only (including Supernumerary),2267,2711
Indian Institute of Technology Kharagpur,"Electronics and Electrical Communication Engineering (4 Years, Bachelor of Technology)",AI,OBC-NCL,Gender-Neutral,415,646
Indian Institute of Technology Kharagpur,"Electronics and Electrical Communication Engineering (4 Years, Bachelor of Technology)",AI,OBC-NCL,Female-only (including Supernumerary),1467,1798
Indian Institute of Technology Kharagpur,"Exploration Geophysics (4 Years, Bachelor of Science)",AI,OBC-NCL,Gender-Neutral,4503,5210
Indian Institute of Technology Kharagpur,"Exploration Geophysics (4 Years, Bachelor of Science)",AI,OBC-NCL,Female-only (including Supernumerary),8732,9204
Indian Institute of Technology Kharagpur,"Industrial and Systems Engineering (4 Years, Bachelor of Technology)",AI,OBC-NCL,Gender-Neutral,1185,2086
Indian Institute of Technology Kharagpur,"Industrial and Systems Engineering (4 Years, Bachelor of Technology)",AI,OBC-NCL,Female-only (including Supernumerary),3805,6079
Indian Institute of Technology Kharagpur,"Instrumentation Engineering (4 Years, Bachelor of Technology)",AI,OBC-NCL,Gender-Neutral,890,1227
Indian Institute of Technology Kharagpur,"Instrumentation Engineering (4 Years, Bachelor of Technology)",AI,OBC-NCL,Female-only (including Supernumerary),3342,3619
Indian Institute of Technology Kharagpur,"Manufacturing Science and Engineering (4 Years, Bachelor of Technology)",AI,OBC-NCL,Gender-Neutral,2449,3176
Indian Institute of Technology Kharagpur,"Manufacturing Science and Engineering (4 Years, Bachelor of Technology)",AI,OBC-NCL,Female-only (including Supernumerary),5331,6353
Indian Institute of Technology Kharagpur,"Mathematics and Computing (4 Years, Bachelor of Science)",AI,OBC-NCL,Gender-Neutral,523,751
Indian Institute of Technology Kharagpur,"Mathematics and Computing (4 Years, Bachelor of Science)",AI,OBC-NCL,Female-only (including Supernumerary),1968,2575
Indian Institute of Technology Kharagpur,"Mechanical Engineering (4 Years, Bachelor of Technology)",AI,OBC-NCL,Gender-Neutral,1040,1700
Indian Institute of Technology Kharagpur,"Mechanical Engineering (4 Years, Bachelor of Technology)",AI,OBC-NCL,Female-only (including Supernumerary),3627,4820
Indian Institute of Technology Kharagpur,"Metallurgical and Materials Engineering (4 Years, Bachelor of Technology)",AI,OBC-NCL,Gender-Neutral,2389,3389
Indian Institute of Technology Kharagpur,"Metallurgical and Materials Engineering (4 Years, Bachelor of Technology)",AI,OBC-NCL,Female-only (including Supernumerary),6558,6973
Indian Institute of Technology Kharagpur,"Mining Engineering (4 Years, Bachelor of Technology)",AI,OBC-NCL,Gender-Neutral,3182,4043
Indian Institute of Technology Kharagpur,"Mining Engineering (4 Years, Bachelor of Technology)",AI,OBC-NCL,Female-only (including Supernumerary),7623,8146
Indian Institute of Technology Kharagpur,"Ocean Engineering and Naval Architecture (4 Years, Bachelor of Technology)",AI,OBC-NCL,Gender-Neutral,2895,4206
Indian Institute of Technology Kharagpur,"Ocean Engineering and Naval Architecture (4 Years, Bachelor of Technology)",AI,OBC-NCL,Female-only (including Supernumerary),7037,7905
Indian Institute of Technology Kharagpur,"Physics (4 Years, Bachelor of Science)",AI,OBC-NCL,Gender-Neutral,3861,4707
Indian Institute of Technology Kharagpur,"Physics (4 Years, Bachelor of Science)",AI,OBC-NCL,Female-only (including Supernumerary),8620,8640
Indian Institute of Technology Hyderabad,"Artificial Intelligence (4 Years, Bachelor of Technology)",AI,OBC-NCL,Gender-Neutral,309,380
Indian Institute of Technology Hyderabad,"Artificial Intelligence (4 Years, Bachelor of Technology)",AI,OBC-NCL,Female-only (including Supernumerary),1039,1039
Indian Institute of Technology Hyderabad,"Biomedical Engineering (4 Years, Bachelor of Technology)",AI,OBC-NCL,Gender-Neutral,3670,4107
Indian Institute of Technology Hyderabad,"Biomedical Engineering (4 Years, Bachelor of Technology)",AI,OBC-NCL,Female-only (including Supernumerary),6414,6457
Indian Institute of Technology Hyderabad,"Biotechnology and Bioinformatics (4 Years, Bachelor of Technology)",AI,OBC-NCL,Gender-Neutral,3378,4030
Indian Institute of Technology Hyderabad,"Biotechnology and Bioinformatics (4 Years, Bachelor of Technology)",AI,OBC-NCL,Female-only (including Supernumerary),6479,6570
Indian Institute of Technology Hyderabad,"Chemical Engineering (4 Years, Bachelor of Technology)",AI,OBC-NCL,Gender-Neutral,2158,2453
Indian Institute of Technology Hyderabad,"Chemical Engineering (4 Years, Bachelor of Technology)",AI,OBC-NCL,Female-only (including Supernumerary),4379,4864
Indian Institute of Technology Hyderabad,"Civil Engineering (4 Years, Bachelor of Technology)",AI,OBC-NCL,Gender-Neutral,2749,3453
Indian Institute of Technology Hyderabad,"Civil Engineering (4 Years, Bachelor of Technology)",AI,OBC-NCL,Female-only (including Supernumerary),5461,6304
Indian Institute of Technology Hyderabad,"Computational Engineering (4 Years, Bachelor of Technology)",AI,OBC-NCL,Gender-Neutral,839,945
Indian Institute of Technology Hyderabad,"Computational Engineering (4 Years, Bachelor of Technology)",AI,OBC-NCL,Female-only (including Supernumerary),1806,2257
Indian Institute of Technology Hyderabad,"Computer Science and Engineering (4 Years, Bachelor of Technology)",AI,OBC-NCL,Gender-Neutral,133,293
Indian Institute of Technology Hyderabad,"Computer Science and Engineering (4 Years, Bachelor of Technology)",AI,OBC-NCL,Female-only (including Supernumerary),647,887
Indian Institute of Technology Hyderabad,"Electrical Engineering (4 Years, Bachelor of Technology)",AI,OBC-NCL,Gender-Neutral,671,1024
Indian Institute of Technology Hyderabad,"Electrical Engineering (4 Years, Bachelor of Technology)",AI,OBC-NCL,Female-only (including Supernumerary),1519,2388
Indian Institute of Technology Hyderabad,"Electrical Engineering (IC Design and Technology) (4 Years, Bachelor of Technology)",AI,OBC-NCL,Gender-Neutral,657,860
Indian Institute of Technology Hyderabad,"Electrical Engineering (IC Design and Technology) (4 Years, Bachelor of Technology)",AI,OBC-NCL,Female-only (including Supernumerary),2363,2498
Indian Institute of Technology Hyderabad,"Engineering Physics (4 Years, Bachelor of Technology)",AI,OBC-NCL,Gender-Neutral,1896,2572
Indian Institute of Technology Hyderabad,"Engineering Physics (4 Years, Bachelor of Technology)",AI,OBC-NCL,Female-only (including Supernumerary),4418,5436
Indian Institute of Technology Hyderabad,"Engineering Science (4 Years, Bachelor of Technology)",AI,OBC-NCL,Gender-Neutral,1232,1880
Indian Institute of Technology Hyderabad,"Engineering Science (4 Years, Bachelor of Technology)",AI,OBC-NCL,Female-only (including Supernumerary),3364,4160
Indian Institute of Technology Hyderabad,"Industrial Chemistry (4 Years, Bachelor of Technology)",AI,OBC-NCL,Gender-Neutral,2965,3992
Indian Institute of Technology Hyderabad,"Industrial Chemistry (4 Years, Bachelor of Technology)",AI,OBC-NCL,Female-only (including Supernumerary),6337,6401
Indian Institute of Technology Hyderabad,"Materials Science and Metallurgical Engineering (4 Years, Bachelor of Technology)",AI,OBC-NCL,Gender-Neutral,2630,3429
Indian Institute of Technology Hyderabad,"Materials Science and Metallurgical Engineering (4 Years, Bachelor of Technology)",AI,OBC-NCL,Female-only (including Supernumerary),6227,6349
Indian Institute of Technology Hyderabad,"Mathematics and Computing (4 Years, Bachelor of Technology)",AI,OBC-NCL,Gender-Neutral,409,441
Indian Institute of Technology Hyderabad,"Mathematics and Computing (4 Years, Bachelor of Technology)",AI,OBC-NCL,Female-only (including Supernumerary),1397,1451
Indian Institute of Technology Hyderabad,"Mechanical Engineering (4 Years, Bachelor of Technology)",AI,OBC-NCL,Gender-Neutral,1572,2005
Indian Institute of Technology Hyderabad,"Mechanical Engineering (4 Years, Bachelor of Technology)",AI,OBC-NCL,Female-only (including Supernumerary),2483,4827
Indian Institute of Technology Jodhpur,"Artificial Intelligence and Data Science (4 Years, Bachelor of Technology)",AI,OBC-NCL,Gender-Neutral,1597,1828
Indian Institute of Technology Jodhpur,"Artificial Intelligence and Data Science (4 Years, Bachelor of Technology)",AI,OBC-NCL,Female-only (including Supernumerary),4156,4556
Indian Institute of Technology Jodhpur,"Bio Engineering (4 Years, Bachelor of Technology)",AI,OBC-NCL,Gender-Neutral,5116,5790
Indian Institute of Technology Jodhpur,"Bio Engineering (4 Years, Bachelor of Technology)",AI,OBC-NCL,Female-only (including Supernumerary),9342,9578
Indian Institute of Technology Jodhpur,"Chemical Engineering (4 Years, Bachelor of Technology)",AI,OBC-NCL,Gender-Neutral,4077,4490
Indian Institute of Technology Jodhpur,"Chemical Engineering (4 Years, Bachelor of Technology)",AI,OBC-NCL,Female-only (including Supernumerary),7281,8275
Indian Institute of Technology Jodhpur,"Chemistry with Specialization (4 Years, Bachelor of Science)",AI,OBC-NCL,Gender-Neutral,5230,6135
Indian Institute of Technology Jodhpur,"Chemistry with Specialization (4 Years, Bachelor of Science)",AI,OBC-NCL,Female-only (including Supernumerary),9061,9061
Indian Institute of Technology Jodhpur,"Civil and Infrastructure Engineering (4 Years, Bachelor of Technology)",AI,OBC-NCL,Gender-Neutral,3793,4930
Indian Institute of Technology Jodhpur,"Civil and Infrastructure Engineering (4 Years, Bachelor of Technology)",AI,OBC-NCL,Female-only (including Supernumerary),8221,8693
Indian Institute of Technology Jodhpur,"Computer Science and Engineering (4 Years, Bachelor of Technology)",AI,OBC-NCL,Gender-Neutral,809,1440
Indian Institute of Technology Jodhpur,"Computer Science and Engineering (4 Years, Bachelor of Technology)",AI,OBC-NCL,Female-only (including Supernumerary),3290,3668
Indian Institute of Technology Jodhpur,"Electrical Engineering (4 Years, Bachelor of Technology)",AI,OBC-NCL,Gender-Neutral,2328,3000
Indian Institute of Technology Jodhpur,"Electrical Engineering (4 Years, Bachelor of Technology)",AI,OBC-NCL,Female-only (including Supernumerary),4853,6186
Indian Institute of Technology Jodhpur,"Electronics Engineering (4 Years, Bachelor of Technology)",AI,OBC-NCL,Gender-Neutral,1963,2857
Indian Institute of Technology Jodhpur,"Electronics Engineering (4 Years, Bachelor of Technology)",AI,OBC-NCL,Female-only (including Supernumerary),6356,6541
Indian Institute of Technology Jodhpur,"Materials Engineering (4 Years, Bachelor of Technology)",AI,OBC-NCL,Gender-Neutral,5205,5605
Indian Institute of Technology Jodhpur,"Materials Engineering (4 Years, Bachelor of Technology)",AI,OBC-NCL,Female-only (including Supernumerary),9308,9511
Indian Institute of Technology Jodhpur,"Mechanical Engineering (4 Years, Bachelor of Technology)",AI,OBC-NCL,Gender-Neutral,3065,4024
Indian Institute of Technology Jodhpur,"Mechanical Engineering (4 Years, Bachelor of Technology)",AI,OBC-NCL,Female-only (including Supernumerary),6306,7890
Indian Institute of Technology Jodhpur,"Physics with Specialization (4 Years, Bachelor of Science)",AI,OBC-NCL,Gender-Neutral,5244,5988
Indian Institute of Technology Jodhpur,"Physics with Specialization (4 Years, Bachelor of Science)",AI,OBC-NCL,Female-only (including Supernumerary),9285,9285
Indian Institute of Technology Kanpur,"Aerospace Engineering (4 Years, Bachelor of Technology)",AI,OBC-NCL,Gender-Neutral,1346,1889
Indian Institute of Technology Kanpur,"Aerospace Engineering (4 Years, Bachelor of Technology)",AI,OBC-NCL,Female-only (including Supernumerary),3717,4594
Indian Institute of Technology Kanpur,"Biological Sciences and Bioengineering (4 Years, Bachelor of Technology)",AI,OBC-NCL,Gender-Neutral,3150,3458
Indian Institute of Technology Kanpur,"Biological Sciences and Bioengineering (4 Years, Bachelor of Technology)",AI,OBC-NCL,Female-only (including Supernumerary),5899,7359
Indian Institute of Technology Kanpur,"Chemical Engineering (4 Years, Bachelor of Technology)",AI,OBC-NCL,Gender-Neutral,1300,1976
Indian Institute of Technology Kanpur,"Chemical Engineering (4 Years, Bachelor of Technology)",AI,OBC-NCL,Female-only (including Supernumerary),4038,4961
Indian Institute of Technology Kanpur,"Chemistry (4 Years, Bachelor of Science)",AI,OBC-NCL,Gender-Neutral,3621,4632
Indian Institute of Technology Kanpur,"Chemistry (4 Years, Bachelor of Science)",AI,OBC-NCL,Female-only (including Supernumerary),6920,8526
Indian Institute of Technology Kanpur,"Civil Engineering (4 Years, Bachelor of Technology)",AI,OBC-NCL,Gender-Neutral,1966,2651
Indian Institute of Technology Kanpur,"Civil Engineering (4 Years, Bachelor of Technology)",AI,OBC-NCL,Female-only (including Supernumerary),4877,5823
Indian Institute of Technology Kanpur,"Computer Science and Engineering (4 Years, Bachelor of Technology)",AI,OBC-NCL,Gender-Neutral,88,142
Indian Institute of Technology Kanpur,"Computer Science and Engineering (4 Years, Bachelor of Technology)",AI,OBC-NCL,Female-only (including Supernumerary),568,706
Indian Institute of Technology Kanpur,"Earth Sciences (4 Years, Bachelor of Science)",AI,OBC-NCL,Gender-Neutral,3854,4786
Indian Institute of Technology Kanpur,"Earth Sciences (4 Years, Bachelor of Science)",AI,OBC-NCL,Female-only (including Supernumerary),8106,8187
Indian Institute of Technology Kanpur,"Economics (4 Years, Bachelor of Science)",AI,OBC-NCL,Gender-Neutral,1325,1969
Indian Institute of Technology Kanpur,"Economics (4 Years, Bachelor of Science)",AI,OBC-NCL,Female-only (including Supernumerary),3843,4805
Indian Institute of Technology Kanpur,"Electrical Engineering (4 Years, Bachelor of Technology)",AI,OBC-NCL,Gender-Neutral,280,724
Indian Institute of Technology Kanpur,"Electrical Engineering (4 Years, Bachelor of Technology)",AI,OBC-NCL,Female-only (including Supernumerary),1654,2378
Indian Institute of Technology Kanpur,"Materials Science and Engineering (4 Years, Bachelor of Technology)",AI,OBC-NCL,Gender-Neutral,2539,3047
Indian Institute of Technology Kanpur,"Materials Science and Engineering (4 Years, Bachelor of Technology)",AI,OBC-NCL,Female-only (including Supernumerary),5978,6716
Indian Institute of Technology Kanpur,"Mathematics and Scientific Computing (4 Years, Bachelor of Science)",AI,OBC-NCL,Gender-Neutral,359,670
Indian Institute of Technology Kanpur,"Mathematics and Scientific Computing (4 Years, Bachelor of Science)",AI,OBC-NCL,Female-only (including Supernumerary),1947,2415
Indian Institute of Technology Kanpur,"Mechanical Engineering (4 Years, Bachelor of Technology)",AI,OBC-NCL,Gender-Neutral,1059,1358
Indian Institute of Technology Kanpur,"Mechanical Engineering (4 Years, Bachelor of Technology)",AI,OBC-NCL,Female-only (including Supernumerary),3484,4172
Indian Institute of Technology Kanpur,"Physics (4 Years, Bachelor of Science)",AI,OBC-NCL,Gender-Neutral,3012,3829
Indian Institute of Technology Kanpur,"Physics (4 Years, Bachelor of Science)",AI,OBC-NCL,Female-only (including Supernumerary),7155,8002
Indian Institute of Technology Kanpur,"Statistics and Data Science (4 Years, Bachelor of Science)",AI,OBC-NCL,Gender-Neutral,638,704
Indian Institute of Technology Kanpur,"Statistics and Data Science (4 Years, Bachelor of Science)",AI,OBC-NCL,Female-only (including Supernumerary),1714,1871
Indian Institute of Technology Madras,"Aerospace Engineering (4 Years, Bachelor of Technology)",AI,OBC-NCL,Gender-Neutral,968,1508
Indian Institute of Technology Madras,"Aerospace Engineering (4 Years, Bachelor of Technology)",AI,OBC-NCL,Female-only (including Supernumerary),1543,2517
Indian Institute of Technology Madras,"Aerospace Engineering (5 Years, Bachelor and Master of Technology (Dual Degree))",AI,OBC-NCL,Gender-Neutral,785,1472
Indian Institute of Technology Madras,"Aerospace Engineering (5 Years, Bachelor and Master of Technology (Dual Degree))",AI,OBC-NCL,Female-only (including Supernumerary),3023,3023
Indian Institute of Technology Madras,"Artificial Intelligence and Data Analytics (4 Years, Bachelor of Technology)",AI,OBC-NCL,Gender-Neutral,98,165
Indian Institute of Technology Madras,"Artificial Intelligence and Data Analytics (4 Years, Bachelor of Technology)",AI,OBC-NCL,Female-only (including Supernumerary),500,611
Indian Institute of Technology Madras,"Biological Engineering (4 Years, Bachelor of Technology)",AI,OBC-NCL,Gender-Neutral,2709,3160
Indian Institute of Technology Madras,"Biological Engineering (4 Years, Bachelor of Technology)",AI,OBC-NCL,Female-only (including Supernumerary),5286,5286
Indian Institute of Technology Madras,"Biological Science (4 Years, Bachelor of Science)",AI,OBC-NCL,Gender-Neutral,3669,4374
Indian Institute of Technology Madras,"Biological Science (4 Years, Bachelor of Science)",AI,OBC-NCL,Female-only (including Supernumerary),6299,6299
Indian Institute of Technology Madras,"Chemical Engineering (4 Years, Bachelor of Technology)",AI,OBC-NCL,Gender-Neutral,1341,1869
Indian Institute of Technology Madras,"Chemical Engineering (4 Years, Bachelor of Technology)",AI,OBC-NCL,Female-only (including Supernumerary),2717,3820
Indian Institute of Technology Madras,"Civil Engineering (4 Years, Bachelor of Technology)",AI,OBC-NCL,Gender-Neutral,1765,2403
Indian Institute of Technology Madras,"Civil Engineering (4 Years, Bachelor of Technology)",AI,OBC-NCL,Female-only (including Supernumerary),3594,4270
Indian Institute of Technology Madras,"Computational Engineering and Mechanics (4 Years, Bachelor of Technology)",AI,OBC-NCL,Gender-Neutral,397,741
Indian Institute of Technology Madras,"Computational Engineering and Mechanics (4 Years, Bachelor of Technology)",AI,OBC-NCL,Female-only (including Supernumerary),1749,1874
Indian Institute of Technology Madras,"Computer Science and Engineering (4 Years, Bachelor of Technology)",AI,OBC-NCL,Gender-Neutral,26,87
Indian Institute of Technology Madras,"Computer Science and Engineering (4 Years, Bachelor of Technology)",AI,OBC-NCL,Female-only (including Supernumerary),176,561
Indian Institute of Technology Madras,"Electrical Engineering (4 Years, Bachelor of Technology)",AI,OBC-NCL,Gender-Neutral,136,396
Indian Institute of Technology Madras,"Electrical Engineering (4 Years, Bachelor of Technology)",AI,OBC-NCL,Female-only (including Supernumerary),566,1450
Indian Institute of Technology Madras,"Engineering Design (5 Years, Bachelor and Master of Technology (Dual Degree))",AI,OBC-NCL,Gender-Neutral,1105,1466
Indian Institute of Technology Madras,"Engineering Design (5 Years, Bachelor and Master of Technology (Dual Degree))",AI,OBC-NCL,Female-only (including Supernumerary),2276,3216
Indian Institute of Technology Madras,"Engineering Physics (4 Years, Bachelor of Technology)",AI,OBC-NCL,Gender-Neutral,464,1011
Indian Institute of Technology Madras,"Engineering Physics (4 Years, Bachelor of Technology)",AI,OBC-NCL,Female-only (including Supernumerary),1386,2841
Indian Institute of Technology Madras,"Instrumentation and Biomedical Engineering (4 Years, Bachelor of Technology)",AI,OBC-NCL,Gender-Neutral,1548,2242
Indian Institute of Technology Madras,"Instrumentation and Biomedical Engineering (4 Years, Bachelor of Technology)",AI,OBC-NCL,Female-only (including Supernumerary),2911,3943
Indian Institute of Technology Madras,"Mechanical Engineering (4 Years, Bachelor of Technology)",AI,OBC-NCL,Gender-Neutral,453,1070
Indian Institute of Technology Madras,"Mechanical Engineering (4 Years, Bachelor of Technology)",AI,OBC-NCL,Female-only (including Supernumerary),1555,3309
Indian Institute of Technology Madras,"Metallurgical and Materials Engineering (4 Years, Bachelor of Technology)",AI,OBC-NCL,Gender-Neutral,1815,2343
Indian Institute of Technology Madras,"Metallurgical and Materials Engineering (4 Years, Bachelor of Technology)",AI,OBC-NCL,Female-only (including Supernumerary),3910,4822
Indian Institute of Technology Madras,"Naval Architecture and Ocean Engineering (4 Years, Bachelor of Technology)",AI,OBC-NCL,Gender-Neutral,1960,3131
Indian Institute of Technology Madras,"Naval Architecture and Ocean Engineering (4 Years, Bachelor of Technology)",AI,OBC-NCL,Female-only (including Supernumerary),4075,6399
Indian Institute of Technology Madras,"Physics (4 Years, Bachelor of Science)",AI,OBC-NCL,Gender-Neutral,1534,2420
Indian Institute of Technology Madras,"Physics (4 Years, Bachelor of Science)",AI,OBC-NCL,Female-only (including Supernumerary),5549,5549
Indian Institute of Technology Gandhinagar,"Artificial Intelligence (4 Years, Bachelor of Technology)",AI,OBC-NCL,Gender-Neutral,921,1140
Indian Institute of Technology Gandhinagar,"Artificial Intelligence (4 Years, Bachelor of Technology)",AI,OBC-NCL,Female-only (including Supernumerary),2686,2821
Indian Institute of Technology Gandhinagar,"Chemical Engineering (4 Years, Bachelor of Technology)",AI,OBC-NCL,Gender-Neutral,3229,3681
Indian Institute of Technology Gandhinagar,"Chemical Engineering (4 Years, Bachelor of Technology)",AI,OBC-NCL,Female-only (including Supernumerary),5327,6911
Indian Institute of Technology Gandhinagar,"Civil Engineering (4 Years, Bachelor of Technology)",AI,OBC-NCL,Gender-Neutral,4053,4296
Indian Institute of Technology Gandhinagar,"Civil Engineering (4 Years, Bachelor of Technology)",AI,OBC-NCL,Female-only (including Supernumerary),7261,7922
Indian Institute of Technology Gandhinagar,"Computer Science and Engineering (4 Years, Bachelor of Technology)",AI,OBC-NCL,Gender-Neutral,589,805
Indian Institute of Technology Gandhinagar,"Computer Science and Engineering (4 Years, Bachelor of Technology)",AI,OBC-NCL,Female-only (including Supernumerary),1882,2635
Indian Institute of Technology Gandhinagar,"Electrical Engineering (4 Years, Bachelor of Technology)",AI,OBC-NCL,Gender-Neutral,1648,1973
Indian Institute of Technology Gandhinagar,"Electrical Engineering (4 Years, Bachelor of Technology)",AI,OBC-NCL,Female-only (including Supernumerary),4441,4655
Indian Institute of Technology Gandhinagar,"Integrated Circuit Design & Technology (4 Years, Bachelor of Technology)",AI,OBC-NCL,Gender-Neutral,1391,2245
Indian Institute of Technology Gandhinagar,"Integrated Circuit Design & Technology (4 Years, Bachelor of Technology)",AI,OBC-NCL,Female-only (including Supernumerary),4946,4946
Indian Institute of Technology Gandhinagar,"Materials Engineering (4 Years, Bachelor of Technology)",AI,OBC-NCL,Gender-Neutral,4127,4914
Indian Institute of Technology Gandhinagar,"Materials Engineering (4 Years, Bachelor of Technology)",AI,OBC-NCL,Female-only (including Supernumerary),8438,8901
Indian Institute of Technology Gandhinagar,"Mechanical Engineering (4 Years, Bachelor of Technology)",AI,OBC-NCL,Gender-Neutral,2376,3099
Indian Institute of Technology Gandhinagar,"Mechanical Engineering (4 Years, Bachelor of Technology)",AI,OBC-NCL,Female-only (including Supernumerary),6297,7216
Indian Institute of Technology Patna,"Artificial Intelligence and Data Science (4 Years, Bachelor of Technology)",AI,OBC-NCL,Gender-Neutral,1494,1862
Indian Institute of Technology Patna,"Artificial Intelligence and Data Science (4 Years, Bachelor of Technology)",AI,OBC-NCL,Female-only (including Supernumerary),3742,3917
Indian Institute of Technology Patna,"B. Tech in CE. - M. Tech. in Geotechnical Engineering (5 Years, B.Tech. + M.Tech./MS (Dual Degree))",AI,OBC-NCL,Gender-Neutral,5684,5850
Indian Institute of Technology Patna,"B. Tech in CE. - M. Tech. in Geotechnical Engineering (5 Years, B.Tech. + M.Tech./MS (Dual Degree))",AI,OBC-NCL,Female-only (including Supernumerary),9844,9844
Indian Institute of Technology Patna,"B. Tech in CE. - M. Tech. in Structural Engineering (5 Years, B.Tech. + M.Tech./MS (Dual Degree))",AI,OBC-NCL,Gender-Neutral,5138,5413
Indian Institute of Technology Patna,"B. Tech in CE. - M. Tech. in Structural Engineering (5 Years, B.Tech. + M.Tech./MS (Dual Degree))",AI,OBC-NCL,Female-only (including Supernumerary),9278,9278
Indian Institute of Technology Patna,"B. Tech. (CSE) and M.Tech in CSE (5 Years, B.Tech. + M.Tech./MS (Dual Degree))",AI,OBC-NCL,Gender-Neutral,1606,1657
Indian Institute of Technology Patna,"B. Tech. (ECE) -M. Tech. in VLSI (5 Years, B.Tech. + M.Tech./MS (Dual Degree))",AI,OBC-NCL,Gender-Neutral,2469,2673
Indian Institute of Technology Patna,"B. Tech. (ECE) -M. Tech. in VLSI (5 Years, B.Tech. + M.Tech./MS (Dual Degree))",AI,OBC-NCL,Female-only (including Supernumerary),6345,6345
Indian Institute of Technology Patna,"B. Tech. (EEE)-M. Tech. in (Power &. Control) (5 Years, B.Tech. + M.Tech./MS (Dual Degree))",AI,OBC-NCL,Gender-Neutral,3208,3319
Indian Institute of Technology Patna,"B. Tech. (EEE)-M. Tech. in (Power &. Control) (5 Years, B.Tech. + M.Tech./MS (Dual Degree))",AI,OBC-NCL,Female-only (including Supernumerary),7992,7992
Indian Institute of Technology Patna,"B. Tech. (Mathematics & Computing) M. Tech. in (Mathematics & Computing) (5 Years, B.Tech. + M.Tech./MS (Dual Degree))",AI,OBC-NCL,Gender-Neutral,2212,2538
Indian Institute of Technology Patna,"B. Tech. (Mathematics & Computing) M. Tech. in (Mathematics & Computing) (5 Years, B.Tech. + M.Tech./MS (Dual Degree))",AI,OBC-NCL,Female-only (including Supernumerary),6029,6029
Indian Institute of Technology Patna,"B. Tech. (ME) - M. Tech. in Mechatronics (5 Years, B.Tech. + M.Tech./MS (Dual Degree))",AI,OBC-NCL,Gender-Neutral,4212,4301
Indian Institute of Technology Patna,"B. Tech. (ME) - M. Tech. in Mechatronics (5 Years, B.Tech. + M.Tech./MS (Dual Degree))",AI,OBC-NCL,Female-only (including Supernumerary),8205,8205
Indian Institute of Technology Patna,"B.Tech (Artificial Intelligence and Data Science) - MBA in Digital Business Management (IIM Bodh Gaya) (5 Years, Bachelor of Technology and MBA (Dual Degree))",AI,OBC-NCL,Gender-Neutral,2201,2201
Indian Institute of Technology Patna,"B.Tech (Artificial Intelligence and Data Science) - MBA in Digital Business Management (IIM Bodh Gaya) (5 Years, Bachelor of Technology and MBA (Dual Degree))",AI,OBC-NCL,Female-only (including Supernumerary),5873,5873
Indian Institute of Technology Patna,"B.Tech (Chemical Engineering) - MBA in Hospital and Health Care Management (IIM Bodh Gaya) (5 Years, Bachelor of Technology and MBA (Dual Degree))",AI,OBC-NCL,Gender-Neutral,4636,4636
Indian Institute of Technology Patna,"B.Tech (Chemical Engineering) - MBA in Hospital and Health Care Management (IIM Bodh Gaya) (5 Years, Bachelor of Technology and MBA (Dual Degree))",AI,OBC-NCL,Female-only (including Supernumerary),10346,10346
Indian Institute of Technology Patna,"B.Tech (Chemical Science and Technology) - MBA in Hospital and Health Care Management (IIM Bodh Gaya) (5 Years, Bachelor of Technology and MBA (Dual Degree))",AI,OBC-NCL,Gender-Neutral,4725,4725
Indian Institute of Technology Patna,"B.Tech (Civil Engineering) - MBA (IIM Bodh Gaya) (5 Years, Bachelor of Technology and MBA (Dual Degree))",AI,OBC-NCL,Gender-Neutral,5135,5135
Indian Institute of Technology Patna,"B.Tech (Civil Engineering) - MBA (IIM Bodh Gaya) (5 Years, Bachelor of Technology and MBA (Dual Degree))",AI,OBC-NCL,Female-only (including Supernumerary),9888,9888
Indian Institute of Technology Patna,"B.Tech (Computer Science and Engineering) - MBA in Digital Business Management (IIM Bodh Gaya) (5 Years, Bachelor of Technology and MBA (Dual Degree))",AI,OBC-NCL,Gender-Neutral,1885,1885
Indian Institute of Technology Patna,"B.Tech (Electrical and Electronics Engineering) - MBA (IIM Bodh Gaya) (5 Years, Bachelor of Technology and MBA (Dual Degree))",AI,OBC-NCL,Gender-Neutral,3257,3257
Indian Institute of Technology Patna,"B.Tech (Electronics and Communication Engineering) - MBA in Hospital and Healthcare Management (IIM Bodh Gaya) (5 Years, Bachelor of Technology and MBA (Dual Degree))",AI,OBC-NCL,Gender-Neutral,2877,2877
Indian Institute of Technology Patna,"B.Tech (Engineering Physics) - MBA (IIM Bodh Gaya) (5 Years, Bachelor of Technology and MBA (Dual Degree))",AI,OBC-NCL,Gender-Neutral,5044,5044
Indian Institute of Technology Patna,"B.Tech (Engineering Physics) - MBA (IIM Bodh Gaya) (5 Years, Bachelor of Technology and MBA (Dual Degree))",AI,OBC-NCL,Female-only (including Supernumerary),10497,10497
Indian Institute of Technology Patna,"B.Tech (Mathematics and Computing) - MBA in Digital Business Management (IIM Bodh Gaya) (5 Years, Bachelor of Technology and MBA (Dual Degree))",AI,OBC-NCL,Gender-Neutral,2757,2757
Indian Institute of Technology Patna,"B.Tech (Mathematics and Computing) - MBA in Digital Business Management (IIM Bodh Gaya) (5 Years, Bachelor of Technology and MBA (Dual Degree))",AI,OBC-NCL,Female-only (including Supernumerary),5361,5361
Indian Institute of Technology Patna,"B.Tech (Mechanical Engineering) - MBA (IIM Mumbai) (5 Years, Bachelor of Technology and MBA (Dual Degree))",AI,OBC-NCL,Gender-Neutral,3720,4001
Indian Institute of Technology Patna,"B.Tech (Mechanical Engineering) - MBA (IIM Mumbai) (5 Years, Bachelor of Technology and MBA (Dual Degree))",AI,OBC-NCL,Female-only (including Supernumerary),8449,8449
Indian Institute of Technology Patna,"B.Tech (Metallurgical and Materials Engineering) - MBA (IIM Bodh Gaya) (5 Years, Bachelor of Technology and MBA (Dual Degree))",AI,OBC-NCL,Gender-Neutral,5758,5758
Indian Institute of Technology Patna,"B.Tech. in Electronics and Communication Engineering and M.Tech. in Communication Systems (5 Years, Bachelor and Master of Technology (Dual Degree))",AI,OBC-NCL,Gender-Neutral,2459,2712
Indian Institute of Technology Patna,"BS in Economics with MBA (IIM Bodh Gaya) (5 Years, Bachelor of Science and MBA (Dual Degree))",AI,OBC-NCL,Gender-Neutral,4287,4287
Indian Institute of Technology Patna,"Chemical Engineering (4 Years, Bachelor of Technology)",AI,OBC-NCL,Gender-Neutral,4320,4878
Indian Institute of Technology Patna,"Chemical Engineering (4 Years, Bachelor of Technology)",AI,OBC-NCL,Female-only (including Supernumerary),7942,9151
Indian Institute of Technology Patna,"Chemical Science and Technology (4 Years, Bachelor of Technology)",AI,OBC-NCL,Gender-Neutral,4899,5515
Indian Institute of Technology Patna,"Chemical Science and Technology (4 Years, Bachelor of Technology)",AI,OBC-NCL,Female-only (including Supernumerary),8942,9199
Indian Institute of Technology Patna,"Civil Engineering (4 Years, Bachelor of Technology)",AI,OBC-NCL,Gender-Neutral,4691,5243
Indian Institute of Technology Patna,"Civil Engineering (4 Years, Bachelor of Technology)",AI,OBC-NCL,Female-only (including Supernumerary),8805,9442
Indian Institute of Technology Patna,"Computer Science and Engineering (4 Years, Bachelor of Technology)",AI,OBC-NCL,Gender-Neutral,689,1312
Indian Institute of Technology Patna,"Computer Science and Engineering (4 Years, Bachelor of Technology)",AI,OBC-NCL,Female-only (including Supernumerary),2944,3306
Indian Institute of Technology Patna,"Economics (4 Years, Bachelor of Science)",AI,OBC-NCL,Gender-Neutral,4239,5535
Indian Institute of Technology Patna,"Economics (4 Years, Bachelor of Science)",AI,OBC-NCL,Female-only (including Supernumerary),7282,7282
Indian Institute of Technology Patna,"Electrical and Electronics Engineering (4 Years, Bachelor of Technology)",AI,OBC-NCL,Gender-Neutral,2316,2827
Indian Institute of Technology Patna,"Electrical and Electronics Engineering (4 Years, Bachelor of Technology)",AI,OBC-NCL,Female-only (including Supernumerary),4967,5440
Indian Institute of Technology Patna,"Electronics and Communication Engineering (4 Years, Bachelor of Technology)",AI,OBC-NCL,Gender-Neutral,2121,2461
Indian Institute of Technology Patna,"Electronics and Communication Engineering (4 Years, Bachelor of Technology)",AI,OBC-NCL,Female-only (including Supernumerary),4634,4959
Indian Institute of Technology Patna,"Engineering Physics (4 Years, Bachelor of Technology)",AI,OBC-NCL,Gender-Neutral,4700,5475
Indian Institute of Technology Patna,"Engineering Physics (4 Years, Bachelor of Technology)",AI,OBC-NCL,Female-only (including Supernumerary),8601,9005
Indian Institute of Technology Patna,"Mathematics and Computing (4 Years, Bachelor of Technology)",AI,OBC-NCL,Gender-Neutral,1353,2095
Indian Institute of Technology Patna,"Mathematics and Computing (4 Years, Bachelor of Technology)",AI,OBC-NCL,Female-only (including Supernumerary),4233,4606
Indian Institute of Technology Patna,"Mechanical Engineering (4 Years, Bachelor of Technology)",AI,OBC-NCL,Gender-Neutral,3396,4286
Indian Institute of Technology Patna,"Mechanical Engineering (4 Years, Bachelor of Technology)",AI,OBC-NCL,Female-only (including Supernumerary),6895,8475
Indian Institute of Technology Patna,"Metallurgical and Materials Engineering (4 Years, Bachelor of Technology)",AI,OBC-NCL,Gender-Neutral,5177,5617
Indian Institute of Technology Patna,"Metallurgical and Materials Engineering (4 Years, Bachelor of Technology)",AI,OBC-NCL,Female-only (including Supernumerary),9602,9621
Indian Institute of Technology Roorkee,"Architecture (5 Years, Bachelor of Architecture)",AI,OBC-NCL,Gender-Neutral,5425,6497
Indian Institute of Technology Roorkee,"Architecture (5 Years, Bachelor of Architecture)",AI,OBC-NCL,Female-only (including Supernumerary),10955,12609
Indian Institute of Technology Roorkee,"Biosciences and Bioengineering (4 Years, Bachelor of Technology)",AI,OBC-NCL,Gender-Neutral,3449,3569
Indian Institute of Technology Roorkee,"Biosciences and Bioengineering (4 Years, Bachelor of Technology)",AI,OBC-NCL,Female-only (including Supernumerary),6261,7210
Indian Institute of Technology Roorkee,"Chemical Engineering (4 Years, Bachelor of Technology)",AI,OBC-NCL,Gender-Neutral,1847,2253
Indian Institute of Technology Roorkee,"Chemical Engineering (4 Years, Bachelor of Technology)",AI,OBC-NCL,Female-only (including Supernumerary),4055,5240
Indian Institute of Technology Roorkee,"Chemical Sciences (5 Years, Bachelor of Science and Master of Science (Dual Degree))",AI,OBC-NCL,Gender-Neutral,4356,4943
Indian Institute of Technology Roorkee,"Chemical Sciences (5 Years, Bachelor of Science and Master of Science (Dual Degree))",AI,OBC-NCL,Female-only (including Supernumerary),8773,8806
Indian Institute of Technology Roorkee,"Civil Engineering (4 Years, Bachelor of Technology)",AI,OBC-NCL,Gender-Neutral,2300,2967
Indian Institute of Technology Roorkee,"Civil Engineering (4 Years, Bachelor of Technology)",AI,OBC-NCL,Female-only (including Supernumerary),3485,6229
Indian Institute of Technology Roorkee,"Computer Science and Engineering (4 Years, Bachelor of Technology)",AI,OBC-NCL,Gender-Neutral,157,253
Indian Institute of Technology Roorkee,"Computer Science and Engineering (4 Years, Bachelor of Technology)",AI,OBC-NCL,Female-only (including Supernumerary),845,1038
Indian Institute of Technology Roorkee,"Data Science and Artificial Intelligence (4 Years, Bachelor of Technology)",AI,OBC-NCL,Gender-Neutral,268,387
Indian Institute of Technology Roorkee,"Data Science and Artificial Intelligence (4 Years, Bachelor of Technology)",AI,OBC-NCL,Female-only (including Supernumerary),1319,1696
Indian Institute of Technology Roorkee,"Economics (5 Years, Bachelor of Science and Master of Science (Dual Degree))",AI,OBC-NCL,Gender-Neutral,2000,2847
Indian Institute of Technology Roorkee,"Economics (5 Years, Bachelor of Science and Master of Science (Dual Degree))",AI,OBC-NCL,Female-only (including Supernumerary),5298,5911
Indian Institute of Technology Roorkee,"Electrical Engineering (4 Years, Bachelor of Technology)",AI,OBC-NCL,Gender-Neutral,740,979
Indian Institute of Technology Roorkee,"Electrical Engineering (4 Years, Bachelor of Technology)",AI,OBC-NCL,Female-only (including Supernumerary),2496,2912
Indian Institute of Technology Roorkee,"Electronics and Communication Engineering (4 Years, Bachelor of Technology)",AI,OBC-NCL,Gender-Neutral,366,721
Indian Institute of Technology Roorkee,"Electronics and Communication Engineering (4 Years, Bachelor of Technology)",AI,OBC-NCL,Female-only (including Supernumerary),1808,2161
Indian Institute of Technology Roorkee,"Energy Engineering (4 Years, Bachelor of Technology)",AI,OBC-NCL,Gender-Neutral,1768,2446
Indian Institute of Technology Roorkee,"Energy Engineering (4 Years, Bachelor of Technology)",AI,OBC-NCL,Female-only (including Supernumerary),5506,5506
Indian Institute of Technology Roorkee,"Engineering Physics (4 Years, Bachelor of Technology)",AI,OBC-NCL,Gender-Neutral,1872,2365
Indian Institute of Technology Roorkee,"Engineering Physics (4 Years, Bachelor of Technology)",AI,OBC-NCL,Female-only (including Supernumerary),5296,6251
Indian Institute of Technology Roorkee,"Geological Technology (5 Years, Integrated Master of Technology)",AI,OBC-NCL,Gender-Neutral,4089,4297
Indian Institute of Technology Roorkee,"Geological Technology (5 Years, Integrated Master of Technology)",AI,OBC-NCL,Female-only (including Supernumerary),8207,8510
Indian Institute of Technology Roorkee,"Geophysical Technology (5 Years, Integrated Master of Technology)",AI,OBC-NCL,Gender-Neutral,3482,4074
Indian Institute of Technology Roorkee,"Geophysical Technology (5 Years, Integrated Master of Technology)",AI,OBC-NCL,Female-only (including Supernumerary),7127,7221
Indian Institute of Technology Roorkee,"Mathematics & Computing (5 Years, Bachelor of Science and Master of Science (Dual Degree))",AI,OBC-NCL,Gender-Neutral,683,846
Indian Institute of Technology Roorkee,"Mathematics & Computing (5 Years, Bachelor of Science and Master of Science (Dual Degree))",AI,OBC-NCL,Female-only (including Supernumerary),2115,2707
Indian Institute of Technology Roorkee,"Mechanical Engineering (4 Years, Bachelor of Technology)",AI,OBC-NCL,Gender-Neutral,1180,1840
Indian Institute of Technology Roorkee,"Mechanical Engineering (4 Years, Bachelor of Technology)",AI,OBC-NCL,Female-only (including Supernumerary),4178,5321
Indian Institute of Technology Roorkee,"Metallurgical and Materials Engineering (4 Years, Bachelor of Technology)",AI,OBC-NCL,Gender-Neutral,3088,3447
Indian Institute of Technology Roorkee,"Metallurgical and Materials Engineering (4 Years, Bachelor of Technology)",AI,OBC-NCL,Female-only (including Supernumerary),5692,7087
Indian Institute of Technology Roorkee,"Physics (5 Years, Bachelor of Science and Master of Science (Dual Degree))",AI,OBC-NCL,Gender-Neutral,4195,4586
Indian Institute of Technology Roorkee,"Physics (5 Years, Bachelor of Science and Master of Science (Dual Degree))",AI,OBC-NCL,Female-only (including Supernumerary),6839,8829
Indian Institute of Technology Roorkee,"Production and Industrial Engineering (4 Years, Bachelor of Technology)",AI,OBC-NCL,Gender-Neutral,2416,2826
Indian Institute of Technology Roorkee,"Production and Industrial Engineering (4 Years, Bachelor of Technology)",AI,OBC-NCL,Female-only (including Supernumerary),5548,6339
Indian Institute of Technology (ISM) Dhanbad,"Applied Geology (5 Years, Integrated Master of Technology)",AI,OBC-NCL,Gender-Neutral,5797,6098
Indian Institute of Technology (ISM) Dhanbad,"Applied Geology (5 Years, Integrated Master of Technology)",AI,OBC-NCL,Female-only (including Supernumerary),10208,10208
Indian Institute of Technology (ISM) Dhanbad,"Applied Geophysics (5 Years, Integrated Master of Technology)",AI,OBC-NCL,Gender-Neutral,5769,6145
Indian Institute of Technology (ISM) Dhanbad,"Applied Geophysics (5 Years, Integrated Master of Technology)",AI,OBC-NCL,Female-only (including Supernumerary),10063,10063
Indian Institute of Technology (ISM) Dhanbad,"B.Tech Mining Engineering and MBA in Logistic and Supply Chain Management (IIM Mumbai) (5 Years, Integrated B. Tech. and MBA)",AI,OBC-NCL,Gender-Neutral,5410,6033
Indian Institute of Technology (ISM) Dhanbad,"B.Tech Mining Engineering and MBA in Logistic and Supply Chain Management (IIM Mumbai) (5 Years, Integrated B. Tech. and MBA)",AI,OBC-NCL,Female-only (including Supernumerary),9644,9877
Indian Institute of Technology (ISM) Dhanbad,"Chemical Science (5 Years, Integrated Bachelor of Science-Master of Science)",AI,OBC-NCL,Gender-Neutral,5626,6289
Indian Institute of Technology (ISM) Dhanbad,"Chemical Science (5 Years, Integrated Bachelor of Science-Master of Science)",AI,OBC-NCL,Female-only (including Supernumerary),10044,10044
Indian Institute of Technology (ISM) Dhanbad,"Chemical Engineering (4 Years, Bachelor of Technology)",AI,OBC-NCL,Gender-Neutral,3207,4339
Indian Institute of Technology (ISM) Dhanbad,"Chemical Engineering (4 Years, Bachelor of Technology)",AI,OBC-NCL,Female-only (including Supernumerary),7152,7304
Indian Institute of Technology (ISM) Dhanbad,"Civil Engineering (4 Years, Bachelor of Technology)",AI,OBC-NCL,Gender-Neutral,4054,4638
Indian Institute of Technology (ISM) Dhanbad,"Civil Engineering (4 Years, Bachelor of Technology)",AI,OBC-NCL,Female-only (including Supernumerary),7613,8238
Indian Institute of Technology (ISM) Dhanbad,"Computer Science and Engineering (4 Years, Bachelor of Technology)",AI,OBC-NCL,Gender-Neutral,733,1311
Indian Institute of Technology (ISM) Dhanbad,"Computer Science and Engineering (4 Years, Bachelor of Technology)",AI,OBC-NCL,Female-only (including Supernumerary),2032,2992
Indian Institute of Technology (ISM) Dhanbad,"Electrical Engineering (4 Years, Bachelor of Technology)",AI,OBC-NCL,Gender-Neutral,1995,2771
Indian Institute of Technology (ISM) Dhanbad,"Electrical Engineering (4 Years, Bachelor of Technology)",AI,OBC-NCL,Female-only (including Supernumerary),5328,6343
Indian Institute of Technology (ISM) Dhanbad,"Electronics and Communication Engineering (4 Years, Bachelor of Technology)",AI,OBC-NCL,Gender-Neutral,1501,2072
Indian Institute of Technology (ISM) Dhanbad,"Electronics and Communication Engineering (4 Years, Bachelor of Technology)",AI,OBC-NCL,Female-only (including Supernumerary),3554,4582
Indian Institute of Technology (ISM) Dhanbad,"Engineering Physics (4 Years, Bachelor of Technology)",AI,OBC-NCL,Gender-Neutral,4140,4405
Indian Institute of Technology (ISM) Dhanbad,"Engineering Physics (4 Years, Bachelor of Technology)",AI,OBC-NCL,Female-only (including Supernumerary),7945,8279
Indian Institute of Technology (ISM) Dhanbad,"Environmental Engineering (4 Years, Bachelor of Technology)",AI,OBC-NCL,Gender-Neutral,4705,5742
Indian Institute of Technology (ISM) Dhanbad,"Environmental Engineering (4 Years, Bachelor of Technology)",AI,OBC-NCL,Female-only (including Supernumerary),9024,9749
Indian Institute of Technology (ISM) Dhanbad,"Mathematics and Computing (4 Years, Bachelor of Technology)",AI,OBC-NCL,Gender-Neutral,1446,1628
Indian Institute of Technology (ISM) Dhanbad,"Mathematics and Computing (4 Years, Bachelor of Technology)",AI,OBC-NCL,Female-only (including Supernumerary),3445,3964
Indian Institute of Technology (ISM) Dhanbad,"Mechanical Engineering (4 Years, Bachelor of Technology)",AI,OBC-NCL,Gender-Neutral,2839,3743
Indian Institute of Technology (ISM) Dhanbad,"Mechanical Engineering (4 Years, Bachelor of Technology)",AI,OBC-NCL,Female-only (including Supernumerary),6941,7792
Indian Institute of Technology (ISM) Dhanbad,"Mineral and Metallurgical Engineering (4 Years, Bachelor of Technology)",AI,OBC-NCL,Gender-Neutral,4755,5301
Indian Institute of Technology (ISM) Dhanbad,"Mineral and Metallurgical Engineering (4 Years, Bachelor of Technology)",AI,OBC-NCL,Female-only (including Supernumerary),7501,8428
Indian Institute of Technology (ISM) Dhanbad,"Mining Engineering (4 Years, Bachelor of Technology)",AI,OBC-NCL,Gender-Neutral,4330,5419
Indian Institute of Technology (ISM) Dhanbad,"Mining Engineering (4 Years, Bachelor of Technology)",AI,OBC-NCL,Female-only (including Supernumerary),8249,9620
Indian Institute of Technology (ISM) Dhanbad,"Mining Machinery Engineering (4 Years, Bachelor of Technology)",AI,OBC-NCL,Gender-Neutral,4865,5725
Indian Institute of Technology (ISM) Dhanbad,"Mining Machinery Engineering (4 Years, Bachelor of Technology)",AI,OBC-NCL,Female-only (including Supernumerary),9723,9947
Indian Institute of Technology (ISM) Dhanbad,"Petroleum Engineering (4 Years, Bachelor of Technology)",AI,OBC-NCL,Gender-Neutral,3377,4717
Indian Institute of Technology (ISM) Dhanbad,"Petroleum Engineering (4 Years, Bachelor of Technology)",AI,OBC-NCL,Female-only (including Supernumerary),6991,9036
Indian Institute of Technology (ISM) Dhanbad,"Physical Science (5 Years, Integrated Bachelor of Science-Master of Science)",AI,OBC-NCL,Gender-Neutral,6183,6413
Indian Institute of Technology (ISM) Dhanbad,"Physical Science (5 Years, Integrated Bachelor of Science-Master of Science)",AI,OBC-NCL,Female-only (including Supernumerary),10220,10220
Indian Institute of Technology Ropar,"Artificial Intelligence and Data Engineering (4 Years, Bachelor of Technology)",AI,OBC-NCL,Gender-Neutral,1120,1609
Indian Institute of Technology Ropar,"Artificial Intelligence and Data Engineering (4 Years, Bachelor of Technology)",AI,OBC-NCL,Female-only (including Supernumerary),3557,4293
Indian Institute of Technology Ropar,"Chemical Engineering (4 Years, Bachelor of Technology)",AI,OBC-NCL,Gender-Neutral,3095,3942
Indian Institute of Technology Ropar,"Chemical Engineering (4 Years, Bachelor of Technology)",AI,OBC-NCL,Female-only (including Supernumerary),8246,8452
Indian Institute of Technology Ropar,"Civil Engineering (4 Years, Bachelor of Technology)",AI,OBC-NCL,Gender-Neutral,4229,4439
Indian Institute of Technology Ropar,"Civil Engineering (4 Years, Bachelor of Technology)",AI,OBC-NCL,Female-only (including Supernumerary),8254,8750
Indian Institute of Technology Ropar,"Computer Science and Engineering (4 Years, Bachelor of Technology)",AI,OBC-NCL,Gender-Neutral,696,1253
Indian Institute of Technology Ropar,"Computer Science and Engineering (4 Years, Bachelor of Technology)",AI,OBC-NCL,Female-only (including Supernumerary),2668,3550
Indian Institute of Technology Ropar,"Digital Agriculture (4 Years, Bachelor of Technology)",AI,OBC-NCL,Gender-Neutral,4401,5699
Indian Institute of Technology Ropar,"Digital Agriculture (4 Years, Bachelor of Technology)",AI,OBC-NCL,Female-only (including Supernumerary),9118,9118
Indian Institute of Technology Ropar,"Electrical Engineering (4 Years, Bachelor of Technology)",AI,OBC-NCL,Gender-Neutral,1552,2859
Indian Institute of Technology Ropar,"Electrical Engineering (4 Years, Bachelor of Technology)",AI,OBC-NCL,Female-only (including Supernumerary),5137,6627
Indian Institute of Technology Ropar,"Electrical Engineering (Integrated Circuit Design and Technology) (4 Years, Bachelor of Technology)",AI,OBC-NCL,Gender-Neutral,2168,2487
Indian Institute of Technology Ropar,"Electrical Engineering (Integrated Circuit Design and Technology) (4 Years, Bachelor of Technology)",AI,OBC-NCL,Female-only (including Supernumerary),6307,6307
Indian Institute of Technology Ropar,"Engineering Physics (4 Years, Bachelor of Technology)",AI,OBC-NCL,Gender-Neutral,4248,4553
Indian Institute of Technology Ropar,"Engineering Physics (4 Years, Bachelor of Technology)",AI,OBC-NCL,Female-only (including Supernumerary),8224,8224
Indian Institute of Technology Ropar,"Mathematics and Computing (4 Years, Bachelor of Technology)",AI,OBC-NCL,Gender-Neutral,1504,1983
Indian Institute of Technology Ropar,"Mathematics and Computing (4 Years, Bachelor of Technology)",AI,OBC-NCL,Female-only (including Supernumerary),3766,4915
Indian Institute of Technology Ropar,"Mechanical Engineering (4 Years, Bachelor of Technology)",AI,OBC-NCL,Gender-Neutral,3168,3835
Indian Institute of Technology Ropar,"Mechanical Engineering (4 Years, Bachelor of Technology)",AI,OBC-NCL,Female-only (including Supernumerary),7807,8380
Indian Institute of Technology Ropar,"Metallurgical and Materials Engineering (4 Years, Bachelor of Technology)",AI,OBC-NCL,Gender-Neutral,4731,5192
Indian Institute of Technology Ropar,"Metallurgical and Materials Engineering (4 Years, Bachelor of Technology)",AI,OBC-NCL,Female-only (including Supernumerary),8709,9123
Indian Institute of Technology (BHU) Varanasi,"Architecture (5 Years, Bachelor of Architecture)",AI,OBC-NCL,Gender-Neutral,6799,6900
Indian Institute of Technology (BHU) Varanasi,"Biochemical Engineering (4 Years, Bachelor of Technology)",AI,OBC-NCL,Gender-Neutral,4723,5337
Indian Institute of Technology (BHU) Varanasi,"Biochemical Engineering (4 Years, Bachelor of Technology)",AI,OBC-NCL,Female-only (including Supernumerary),8973,8973
Indian Institute of Technology (BHU) Varanasi,"Bioengineering (4 Years, Bachelor of Technology)",AI,OBC-NCL,Gender-Neutral,4128,4677
Indian Institute of Technology (BHU) Varanasi,"Bioengineering (4 Years, Bachelor of Technology)",AI,OBC-NCL,Female-only (including Supernumerary),9094,9094
Indian Institute of Technology (BHU) Varanasi,"Ceramic Engineering (4 Years, Bachelor of Technology)",AI,OBC-NCL,Gender-Neutral,4044,4990
Indian Institute of Technology (BHU) Varanasi,"Ceramic Engineering (4 Years, Bachelor of Technology)",AI,OBC-NCL,Female-only (including Supernumerary),9063,10000
Indian Institute of Technology (BHU) Varanasi,"Chemical Engineering (4 Years, Bachelor of Technology)",AI,OBC-NCL,Gender-Neutral,2819,3434
Indian Institute of Technology (BHU) Varanasi,"Chemical Engineering (4 Years, Bachelor of Technology)",AI,OBC-NCL,Female-only (including Supernumerary),4271,7240
Indian Institute of Technology (BHU) Varanasi,"Civil Engineering (4 Years, Bachelor of Technology)",AI,OBC-NCL,Gender-Neutral,3330,3888
Indian Institute of Technology (BHU) Varanasi,"Civil Engineering (4 Years, Bachelor of Technology)",AI,OBC-NCL,Female-only (including Supernumerary),7255,7860
Indian Institute of Technology (BHU) Varanasi,"Computer Science and Engineering (4 Years, Bachelor of Technology)",AI,OBC-NCL,Gender-Neutral,334,528
Indian Institute of Technology (BHU) Varanasi,"Computer Science and Engineering (4 Years, Bachelor of Technology)",AI,OBC-NCL,Female-only (including Supernumerary),1097,1832
Indian Institute of Technology (BHU) Varanasi,"Electrical Engineering (4 Years, Bachelor of Technology)",AI,OBC-NCL,Gender-Neutral,1061,1491
Indian Institute of Technology (BHU) Varanasi,"Electrical Engineering (4 Years, Bachelor of Technology)",AI,OBC-NCL,Female-only (including Supernumerary),2528,4023
Indian Institute of Technology (BHU) Varanasi,"Electronics Engineering (4 Years, Bachelor of Technology)",AI,OBC-NCL,Gender-Neutral,816,1261
Indian Institute of Technology (BHU) Varanasi,"Electronics Engineering (4 Years, Bachelor of Technology)",AI,OBC-NCL,Female-only (including Supernumerary),2555,3392
Indian Institute of Technology (BHU) Varanasi,"Engineering Physics (4 Years, Bachelor of Technology)",AI,OBC-NCL,Gender-Neutral,2954,4059
Indian Institute of Technology (BHU) Varanasi,"Engineering Physics (4 Years, Bachelor of Technology)",AI,OBC-NCL,Female-only (including Supernumerary),7709,7907
Indian Institute of Technology (BHU) Varanasi,"Industrial Chemistry (4 Years, Bachelor of Technology)",AI,OBC-NCL,Gender-Neutral,4438,4859
Indian Institute of Technology (BHU) Varanasi,"Industrial Chemistry (4 Years, Bachelor of Technology)",AI,OBC-NCL,Female-only (including Supernumerary),7816,8751
Indian Institute of Technology (BHU) Varanasi,"Materials Science and Technology (4 Years, Bachelor of Technology)",AI,OBC-NCL,Gender-Neutral,3759,4740
Indian Institute of Technology (BHU) Varanasi,"Materials Science and Technology (4 Years, Bachelor of Technology)",AI,OBC-NCL,Female-only (including Supernumerary),7513,7657
Indian Institute of Technology (BHU) Varanasi,"Mathematics and Computing (4 Years, Bachelor of Technology)",AI,OBC-NCL,Gender-Neutral,576,883
Indian Institute of Technology (BHU) Varanasi,"Mathematics and Computing (4 Years, Bachelor of Technology)",AI,OBC-NCL,Female-only (including Supernumerary),2137,2664
Indian Institute of Technology (BHU) Varanasi,"Mechanical Engineering (4 Years, Bachelor of Technology)",AI,OBC-NCL,Gender-Neutral,2045,2829
Indian Institute of Technology (BHU) Varanasi,"Mechanical Engineering (4 Years, Bachelor of Technology)",AI,OBC-NCL,Female-only (including Supernumerary),5979,7099
Indian Institute of Technology (BHU) Varanasi,"Metallurgical Engineering (4 Years, Bachelor of Technology)",AI,OBC-NCL,Gender-Neutral,3456,4561
Indian Institute of Technology (BHU) Varanasi,"Metallurgical Engineering (4 Years, Bachelor of Technology)",AI,OBC-NCL,Female-only (including Supernumerary),8175,8690
Indian Institute of Technology (BHU) Varanasi,"Mining Engineering (4 Years, Bachelor of Technology)",AI,OBC-NCL,Gender-Neutral,4608,5319
Indian Institute of Technology (BHU) Varanasi,"Mining Engineering (4 Years, Bachelor of Technology)",AI,OBC-NCL,Female-only (including Supernumerary),8188,9767
Indian Institute of Technology (BHU) Varanasi,"Pharmaceutical Engineering & Technology (4 Years, Bachelor of Technology)",AI,OBC-NCL,Gender-Neutral,4978,5591
Indian Institute of Technology (BHU) Varanasi,"Pharmaceutical Engineering & Technology (4 Years, Bachelor of Technology)",AI,OBC-NCL,Female-only (including Supernumerary),9112,9686
Indian Institute of Technology Guwahati,"Biosciences and Bioengineering (4 Years, Bachelor of Technology)",AI,OBC-NCL,Gender-Neutral,3465,4310
Indian Institute of Technology Guwahati,"Biosciences and Bioengineering (4 Years, Bachelor of Technology)",AI,OBC-NCL,Female-only (including Supernumerary),7587,8108
Indian Institute of Technology Guwahati,"Chemical Engineering (4 Years, Bachelor of Technology)",AI,OBC-NCL,Gender-Neutral,2259,2519
Indian Institute of Technology Guwahati,"Chemical Engineering (4 Years, Bachelor of Technology)",AI,OBC-NCL,Female-only (including Supernumerary),5545,6044
Indian Institute of Technology Guwahati,"Chemical Science and Technology (4 Years, Bachelor of Technology)",AI,OBC-NCL,Gender-Neutral,2355,3161
Indian Institute of Technology Guwahati,"Chemical Science and Technology (4 Years, Bachelor of Technology)",AI,OBC-NCL,Female-only (including Supernumerary),6462,6793
Indian Institute of Technology Guwahati,"Civil Engineering (4 Years, Bachelor of Technology)",AI,OBC-NCL,Gender-Neutral,2689,3439
Indian Institute of Technology Guwahati,"Civil Engineering (4 Years, Bachelor of Technology)",AI,OBC-NCL,Female-only (including Supernumerary),6238,6609
Indian Institute of Technology Guwahati,"Computer Science and Engineering (4 Years, Bachelor of Technology)",AI,OBC-NCL,Gender-Neutral,254,336
Indian Institute of Technology Guwahati,"Computer Science and Engineering (4 Years, Bachelor of Technology)",AI,OBC-NCL,Female-only (including Supernumerary),918,1302
Indian Institute of Technology Guwahati,"Data Science and Artificial Intelligence (4 Years, Bachelor of Technology)",AI,OBC-NCL,Gender-Neutral,388,452
Indian Institute of Technology Guwahati,"Data Science and Artificial Intelligence (4 Years, Bachelor of Technology)",AI,OBC-NCL,Female-only (including Supernumerary),1490,1604
Indian Institute of Technology Guwahati,"Electronics and Communication Engineering (4 Years, Bachelor of Technology)",AI,OBC-NCL,Gender-Neutral,686,796
Indian Institute of Technology Guwahati,"Electronics and Communication Engineering (4 Years, Bachelor of Technology)",AI,OBC-NCL,Female-only (including Supernumerary),2099,2460
Indian Institute of Technology Guwahati,"Electronics and Electrical Engineering (4 Years, Bachelor of Technology)",AI,OBC-NCL,Gender-Neutral,807,996
Indian Institute of Technology Guwahati,"Electronics and Electrical Engineering (4 Years, Bachelor of Technology)",AI,OBC-NCL,Female-only (including Supernumerary),2663,3281
Indian Institute of Technology Guwahati,"Energy Engineering (4 Years, Bachelor of Technology)",AI,OBC-NCL,Gender-Neutral,2704,2836
Indian Institute of Technology Guwahati,"Energy Engineering (4 Years, Bachelor of Technology)",AI,OBC-NCL,Female-only (including Supernumerary),6346,6346
Indian Institute of Technology Guwahati,"Engineering Physics (4 Years, Bachelor of Technology)",AI,OBC-NCL,Gender-Neutral,2627,3406
Indian Institute of Technology Guwahati,"Engineering Physics (4 Years, Bachelor of Technology)",AI,OBC-NCL,Female-only (including Supernumerary),6468,6923
Indian Institute of Technology Guwahati,"Mathematics and Computing (4 Years, Bachelor of Technology)",AI,OBC-NCL,Gender-Neutral,470,560
Indian Institute of Technology Guwahati,"Mathematics and Computing (4 Years, Bachelor of Technology)",AI,OBC-NCL,Female-only (including Supernumerary),1858,2250
Indian Institute of Technology Guwahati,"Mechanical Engineering (4 Years, Bachelor of Technology)",AI,OBC-NCL,Gender-Neutral,1879,2231
Indian Institute of Technology Guwahati,"Mechanical Engineering (4 Years, Bachelor of Technology)",AI,OBC-NCL,Female-only (including Supernumerary),5215,5800
Indian Institute of Technology Bhilai,"Computer Science and Engineering (4 Years, Bachelor of Technology)",AI,OBC-NCL,Gender-Neutral,1987,2832
Indian Institute of Technology Bhilai,"Computer Science and Engineering (4 Years, Bachelor of Technology)",AI,OBC-NCL,Female-only (including Supernumerary),3819,4045
Indian Institute of Technology Bhilai,"Data Science and Artificial Intelligence (4 Years, Bachelor of Technology)",AI,OBC-NCL,Gender-Neutral,2301,3135
Indian Institute of Technology Bhilai,"Data Science and Artificial Intelligence (4 Years, Bachelor of Technology)",AI,OBC-NCL,Female-only (including Supernumerary),4962,5099
Indian Institute of Technology Bhilai,"Electrical Engineering (4 Years, Bachelor of Technology)",AI,OBC-NCL,Gender-Neutral,3566,4149
Indian Institute of Technology Bhilai,"Electrical Engineering (4 Years, Bachelor of Technology)",AI,OBC-NCL,Female-only (including Supernumerary),6658,7350
Indian Institute of Technology Bhilai,"Electronics and Communication Engineering (4 Years, Bachelor of Technology)",AI,OBC-NCL,Gender-Neutral,2878,3474
Indian Institute of Technology Bhilai,"Electronics and Communication Engineering (4 Years, Bachelor of Technology)",AI,OBC-NCL,Female-only (including Supernumerary),4668,6563
Indian Institute of Technology Bhilai,"Materials Science and Metallurgical Engineering (4 Years, Bachelor of Technology)",AI,OBC-NCL,Gender-Neutral,5646,6053
Indian Institute of Technology Bhilai,"Materials Science and Metallurgical Engineering (4 Years, Bachelor of Technology)",AI,OBC-NCL,Female-only (including Supernumerary),9804,9804
Indian Institute of Technology Bhilai,"Mechanical Engineering (4 Years, Bachelor of Technology)",AI,OBC-NCL,Gender-Neutral,4481,4924
Indian Institute of Technology Bhilai,"Mechanical Engineering (4 Years, Bachelor of Technology)",AI,OBC-NCL,Female-only (including Supernumerary),8890,9522
Indian Institute of Technology Bhilai,"Mechatronics Engineering (4 Years, Bachelor of Technology)",AI,OBC-NCL,Gender-Neutral,3062,4573
Indian Institute of Technology Bhilai,"Mechatronics Engineering (4 Years, Bachelor of Technology)",AI,OBC-NCL,Female-only (including Supernumerary),8909,9054
Indian Institute of Technology Goa,"Computer Science and Engineering (4 Years, Bachelor of Technology)",AI,OBC-NCL,Gender-Neutral,1785,2247
Indian Institute of Technology Goa,"Computer Science and Engineering (4 Years, Bachelor of Technology)",AI,OBC-NCL,Female-only (including Supernumerary),4193,4459
Indian Institute of Technology Goa,"Electrical Engineering (4 Years, Bachelor of Technology)",AI,OBC-NCL,Gender-Neutral,3371,3680
Indian Institute of Technology Goa,"Electrical Engineering (4 Years, Bachelor of Technology)",AI,OBC-NCL,Female-only (including Supernumerary),6634,6763
Indian Institute of Technology Goa,"Mathematics and Computing (4 Years, Bachelor of Technology)",AI,OBC-NCL,Gender-Neutral,2373,3060
Indian Institute of Technology Goa,"Mathematics and Computing (4 Years, Bachelor of Technology)",AI,OBC-NCL,Female-only (including Supernumerary),4604,5097
Indian Institute of Technology Goa,"Mechanical Engineering (4 Years, Bachelor of Technology)",AI,OBC-NCL,Gender-Neutral,4262,4688
Indian Institute of Technology Goa,"Mechanical Engineering (4 Years, Bachelor of Technology)",AI,OBC-NCL,Female-only (including Supernumerary),8071,8445
Indian Institute of Technology Palakkad,"Civil Engineering (4 Years, Bachelor of Technology)",AI,OBC-NCL,Gender-Neutral,5021,5841
Indian Institute of Technology Palakkad,"Civil Engineering (4 Years, Bachelor of Technology)",AI,OBC-NCL,Female-only (including Supernumerary),8916,9084
Indian Institute of Technology Palakkad,"Computer Science and Engineering (4 Years, Bachelor of Technology)",AI,OBC-NCL,Gender-Neutral,1942,2379
Indian Institute of Technology Palakkad,"Computer Science and Engineering (4 Years, Bachelor of Technology)",AI,OBC-NCL,Female-only (including Supernumerary),3301,3301
Indian Institute of Technology Palakkad,"Data Science and Engineering (4 Years, Bachelor of Technology)",AI,OBC-NCL,Gender-Neutral,2584,3120
Indian Institute of Technology Palakkad,"Data Science and Engineering (4 Years, Bachelor of Technology)",AI,OBC-NCL,Female-only (including Supernumerary),4673,4821
Indian Institute of Technology Palakkad,"Electrical Engineering (4 Years, Bachelor of Technology)",AI,OBC-NCL,Gender-Neutral,2764,3719
Indian Institute of Technology Palakkad,"Electrical Engineering (4 Years, Bachelor of Technology)",AI,OBC-NCL,Female-only (including Supernumerary),6407,6637
Indian Institute of Technology Palakkad,"Mechanical Engineering (4 Years, Bachelor of Technology)",AI,OBC-NCL,Gender-Neutral,3145,4475
Indian Institute of Technology Palakkad,"Mechanical Engineering (4 Years, Bachelor of Technology)",AI,OBC-NCL,Female-only (including Supernumerary),8471,8517
Indian Institute of Technology Tirupati,"Chemical Engineering (4 Years, Bachelor of Technology)",AI,OBC-NCL,Gender-Neutral,4554,5522
Indian Institute of Technology Tirupati,"Chemical Engineering (4 Years, Bachelor of Technology)",AI,OBC-NCL,Female-only (including Supernumerary),7450,7705
Indian Institute of Technology Tirupati,"Civil Engineering (4 Years, Bachelor of Technology)",AI,OBC-NCL,Gender-Neutral,4842,5495
Indian Institute of Technology Tirupati,"Civil Engineering (4 Years, Bachelor of Technology)",AI,OBC-NCL,Female-only (including Supernumerary),8013,8294
Indian Institute of Technology Tirupati,"Computer Science and Engineering (4 Years, Bachelor of Technology)",AI,OBC-NCL,Gender-Neutral,1579,2113
Indian Institute of Technology Tirupati,"Computer Science and Engineering (4 Years, Bachelor of Technology)",AI,OBC-NCL,Female-only (including Supernumerary),2134,2675
Indian Institute of Technology Tirupati,"Electrical Engineering (4 Years, Bachelor of Technology)",AI,OBC-NCL,Gender-Neutral,2639,3580
Indian Institute of Technology Tirupati,"Electrical Engineering (4 Years, Bachelor of Technology)",AI,OBC-NCL,Female-only (including Supernumerary),5141,6080
Indian Institute of Technology Tirupati,"Engineering Physics (4 Years, Bachelor of Technology)",AI,OBC-NCL,Gender-Neutral,4689,5055
Indian Institute of Technology Tirupati,"Mechanical Engineering (4 Years, Bachelor of Technology)",AI,OBC-NCL,Gender-Neutral,3736,4355
Indian Institute of Technology Tirupati,"Mechanical Engineering (4 Years, Bachelor of Technology)",AI,OBC-NCL,Female-only (including Supernumerary),7461,8018
Indian Institute of Technology Jammu,"Chemical Engineering (4 Years, Bachelor of Technology)",AI,OBC-NCL,Gender-Neutral,4515,5939
Indian Institute of Technology Jammu,"Chemical Engineering (4 Years, Bachelor of Technology)",AI,OBC-NCL,Female-only (including Supernumerary),9381,9664
Indian Institute of Technology Jammu,"Civil Engineering (4 Years, Bachelor of Technology)",AI,OBC-NCL,Gender-Neutral,5512,5886
Indian Institute of Technology Jammu,"Civil Engineering (4 Years, Bachelor of Technology)",AI,OBC-NCL,Female-only (including Supernumerary),9830,9831
Indian Institute of Technology Jammu,"Computer Science and Engineering (4 Years, Bachelor of Technology)",AI,OBC-NCL,Gender-Neutral,2057,2736
Indian Institute of Technology Jammu,"Computer Science and Engineering (4 Years, Bachelor of Technology)",AI,OBC-NCL,Female-only (including Supernumerary),5067,5225
Indian Institute of Technology Jammu,"Electrical Engineering (4 Years, Bachelor of Technology)",AI,OBC-NCL,Gender-Neutral,3435,4230
Indian Institute of Technology Jammu,"Electrical Engineering (4 Years, Bachelor of Technology)",AI,OBC-NCL,Female-only (including Supernumerary),6925,8157
Indian Institute of Technology Jammu,"Engineering Physics (4 Years, Bachelor of Technology)",AI,OBC-NCL,Gender-Neutral,5630,6065
Indian Institute of Technology Jammu,"Engineering Physics (4 Years, Bachelor of Technology)",AI,OBC-NCL,Female-only (including Supernumerary),9469,9469
Indian Institute of Technology Jammu,"Materials Engineering (4 Years, Bachelor of Technology)",AI,OBC-NCL,Gender-Neutral,5936,6153
Indian Institute of Technology Jammu,"Materials Engineering (4 Years, Bachelor of Technology)",AI,OBC-NCL,Female-only (including Supernumerary),10183,10345
Indian Institute of Technology Jammu,"Mathematics and Computing (4 Years, Bachelor of Technology)",AI,OBC-NCL,Gender-Neutral,2987,3289
Indian Institute of Technology Jammu,"Mathematics and Computing (4 Years, Bachelor of Technology)",AI,OBC-NCL,Female-only (including Supernumerary),6284,7085
Indian Institute of Technology Jammu,"Mechanical Engineering (4 Years, Bachelor of Technology)",AI,OBC-NCL,Gender-Neutral,4661,5235
Indian Institute of Technology Jammu,"Mechanical Engineering (4 Years, Bachelor of Technology)",AI,OBC-NCL,Female-only (including Supernumerary),8757,9537
Indian Institute of Technology Dharwad,"Chemical and Biochemical Engineering (4 Years, Bachelor of Technology)",AI,OBC-NCL,Gender-Neutral,5564,6021
Indian Institute of Technology Dharwad,"Chemical and Biochemical Engineering (4 Years, Bachelor of Technology)",AI,OBC-NCL,Female-only (including Supernumerary),9345,9938
Indian Institute of Technology Dharwad,"Civil and Infrastructure Engineering (4 Years, Bachelor of Technology)",AI,OBC-NCL,Gender-Neutral,5796,5868
Indian Institute of Technology Dharwad,"Civil and Infrastructure Engineering (4 Years, Bachelor of Technology)",AI,OBC-NCL,Female-only (including Supernumerary),8085,9519
Indian Institute of Technology Dharwad,"Computer Science and Engineering (4 Years, Bachelor of Technology)",AI,OBC-NCL,Gender-Neutral,2273,2603
Indian Institute of Technology Dharwad,"Computer Science and Engineering (4 Years, Bachelor of Technology)",AI,OBC-NCL,Female-only (including Supernumerary),4021,4431
Indian Institute of Technology Dharwad,"Electrical and Electronics Engineering (4 Years, Bachelor of Technology)",AI,OBC-NCL,Gender-Neutral,3595,4020
Indian Institute of Technology Dharwad,"Electrical and Electronics Engineering (4 Years, Bachelor of Technology)",AI,OBC-NCL,Female-only (including Supernumerary),6540,7036
Indian Institute of Technology Dharwad,"Electronics and Communication Engineering (4 Years, Bachelor of Technology)",AI,OBC-NCL,Gender-Neutral,2986,3510
Indian Institute of Technology Dharwad,"Electronics and Communication Engineering (4 Years, Bachelor of Technology)",AI,OBC-NCL,Female-only (including Supernumerary),5384,5960
Indian Institute of Technology Dharwad,"Engineering Physics (4 Years, Bachelor of Technology)",AI,OBC-NCL,Gender-Neutral,4861,5959
Indian Institute of Technology Dharwad,"Engineering Physics (4 Years, Bachelor of Technology)",AI,OBC-NCL,Female-only (including Supernumerary),9349,9612
Indian Institute of Technology Dharwad,"Interdisciplinary Sciences (5 Years, Bachelor of Science and Master of Science (Dual Degree))",AI,OBC-NCL,Gender-Neutral,6100,6478
Indian Institute of Technology Dharwad,"Interdisciplinary Sciences (5 Years, Bachelor of Science and Master of Science (Dual Degree))",AI,OBC-NCL,Female-only (including Supernumerary),10541,10692
Indian Institute of Technology Dharwad,"Mathematics and Computing (4 Years, Bachelor of Technology)",AI,OBC-NCL,Gender-Neutral,2362,3178
Indian Institute of Technology Dharwad,"Mathematics and Computing (4 Years, Bachelor of Technology)",AI,OBC-NCL,Female-only (including Supernumerary),5463,5470
Indian Institute of Technology Dharwad,"Mechanical Engineering (4 Years, Bachelor of Technology)",AI,OBC-NCL,Gender-Neutral,4422,5174
Indian Institute of Technology Dharwad,"Mechanical Engineering (4 Years, Bachelor of Technology)",AI,OBC-NCL,Female-only (including Supernumerary),8099,8844